store,prediction,worst_scenario,best_scenario,MAE,MAPE
1,161499.23,161232.27395877324,161766.19479122676,266.96041622677285,0.06059098444196118
2,179147.55,178760.6620829814,179534.4316670186,386.88479201858155,0.07749083724416084
3,261411.27,260771.0272117821,262051.5040382179,640.2384132179062,0.08899100871833698
4,340259.75,339339.8015862542,341179.6984137458,919.948413745777,0.08918059155757878
5,173465.56,173022.22489640518,173908.90010359482,443.33760359480556,0.09979293800059942
6,172224.61,171836.0855218011,172613.1332281989,388.52385319890146,0.08579450553155668
7,326139.97,325030.8171188767,327249.1203811233,1109.1516311233122,0.10853011605150133
8,220340.44,219780.2540250211,220900.6209749789,560.1834749788848,0.08734921291269168
9,274118.16,273395.2387299409,274841.0737700591,722.9175200591219,0.10154321374874832
10,207705.45,207190.1986776816,208220.7075723184,515.2544473184116,0.08482080460872247
11,269587.72,269009.0894346495,270166.3480653505,578.6293153505065,0.07704011528130557
12,274936.88,274249.04501425254,275624.70498574746,687.8299857474663,0.0894012480187195
13,188699.61,187938.14799540752,189461.07075459248,761.4613795924837,0.14347778677413026
14,200977.02,200536.587857633,201417.443392367,440.42776736697584,0.08074680279825794
15,248910.92,248394.85599662163,249426.98775337837,516.0658783783786,0.0716642935526893
16,288687.44,288038.5005278716,289336.3744721284,648.936972128378,0.07799417956868032
17,220569.08,220123.09014727618,221015.06610272382,445.98797772381727,0.07265674075206083
18,252331.6,251847.7777528505,252815.4097471495,483.81599714949317,0.0671938954833903
19,245613.56,245079.43530933277,246147.68969066723,534.1271906672293,0.08665415711051075
20,298903.8,298088.9051546664,299718.7198453336,814.9073453336141,0.09120024619826833
21,205958.97,205418.90984612543,206499.02765387457,540.058903874578,0.08876003744609284
22,170224.42,169730.6961504962,170718.1475995038,493.7257245038008,0.0957230046277778
23,204120.66,203727.35054634712,204513.96195365288,393.3057036528712,0.07247634952421703
24,363557.25,362685.86849398224,364428.63150601776,871.3815060177365,0.09297039666328284
25,394514.88,393761.0601377745,395268.6898622255,753.8148622255062,0.0737068443543673
26,245839.19,245311.39296083193,246366.98203916807,527.7945391680742,0.0760598547677792
27,362884.4,361971.4450485642,363797.3674514358,912.96120143581,0.10240518984308938
28,166381.02,166001.9159034523,166760.1153465477,379.09972154771935,0.08720111914697976
29,291229.72,290549.2820945946,291910.1554054054,680.436655405406,0.09125387975225378
30,154140.48,153732.0234309016,154548.9453190984,408.46094409839475,0.10704558429553131
31,211837.69,211496.93174619932,212178.44325380068,340.75575380067545,0.05896270933163503
32,151004.08,150638.55512959248,151369.60112040752,365.52299540751665,0.08520771709996426
33,294582.0,293936.3511138091,295227.6488861909,645.6488861908764,0.07866340891749113
34,291378.5,290804.7439954603,291952.2560045397,573.7560045396971,0.06619166611391672
35,426295.88,424872.27921769425,427719.47078230575,1423.5957823057443,0.13177196603678157
36,338895.78,337679.34883076436,340112.21366923564,1216.432419235641,0.11543729793263423
37,240224.94,239751.25436813766,240698.62063186234,473.6831318623304,0.07093665775859233
38,223170.62,222666.10884052998,223675.14115947002,504.5161594700166,0.08033068160609266
39,182119.88,181627.18910341006,182612.56089658994,492.68589658994875,0.114849784912545
40,170409.52,170019.47493929477,170799.55631070523,390.04068570523606,0.09623156407650589
41,227075.77,226428.91329708614,227722.61795291386,646.8523279138503,0.12068753575981632
42,374587.4,373501.68063766893,375673.13186233107,1085.7256123310806,0.10755906573514312
43,237501.05,236982.25449350718,238019.83925649282,518.7923814928206,0.08039132698532102
44,192913.08,192522.00179476352,193304.15445523648,391.0763302364868,0.08502471679489525
45,195710.78,195295.76839632602,196125.79410367398,415.0128536739864,0.07593858732155752
46,200390.12,199684.15270006334,201096.09729993666,705.9722999366554,0.1358707595062691
47,275429.9,274761.14169394004,276098.67080605996,668.7645560599664,0.08977000509702036
48,127455.64,127215.33061919341,127695.95063080659,240.31000580658792,0.07601259001767585
49,273056.97,272456.8305400127,273657.1069599873,600.1382099873302,0.07725119845880034
50,165637.12,165308.78896352407,165965.46103647593,328.3360364759284,0.07609146432780067
51,259717.48,259026.9409707559,260408.0277792441,690.5434042440879,0.09690355566207803
52,242660.48,242088.17037056587,243232.79837943413,572.3140044341217,0.08526913883161265
53,187392.25,186878.07475322002,187906.42524677998,514.1752467799832,0.10237393154603383
54,283810.72,283282.6340925887,284338.8034074113,528.0846574113177,0.06964349777464342
55,181152.92,180693.4580408045,181612.3857091955,459.46383419552353,0.10006518572025683
56,290073.38,289378.3955078125,290768.3544921875,694.9794921875,0.081764120930939
57,327616.28,326837.1163429054,328395.4461570946,779.1649070945936,0.08826324640841135
58,251119.06,250246.84132179053,251991.28367820947,872.221178209459,0.11713417960734378
59,200316.73,199789.39334353886,200844.07540646114,527.3410314611492,0.1010302781678499
60,309559.1,308765.65029824746,310352.53720175254,793.4434517525339,0.08716322498506153
61,181958.94,181255.0957295186,182662.7792704814,703.8417704814182,0.11770954693790424
62,234162.53,233755.784588788,234569.277911212,406.7466612119927,0.06389063394757243
63,263582.94,262964.22785578546,264201.64714421454,618.709644214528,0.08280728502549108
64,405316.34,404316.4669288429,406316.2205711571,999.8768211570942,0.09077011191529419
65,187799.8,187426.65789300043,188172.93585699957,373.13898199957714,0.0760535874927579
66,223318.33,222698.00853832348,223938.64771167652,620.3195866765203,0.09496076764035516
67,294432.28,293600.2159522804,295264.3465477196,832.0652977195954,0.10123503576930712
68,276940.5,275898.29955394845,277982.70044605155,1042.2004460515195,0.12140382385147483
69,330632.38,329888.86726668075,331375.88273331925,743.5077333192573,0.07936296505923968
70,235215.92,234666.5750237542,235765.2687262458,549.346851245777,0.08394808286818306
71,335665.3,334925.716229413,336404.908770587,739.5962705869932,0.08827342985267272
72,165630.69,165180.67037056587,166080.70462943413,450.0171294341216,0.09736643130478188
73,165588.78,165244.28398173564,165933.27851826436,344.4972682643589,0.06828631812487607
74,223254.97,222647.48065350507,223862.45684649493,607.4880964949318,0.11104411418477533
75,227075.6,226548.39573215795,227602.79176784205,527.1980178420613,0.08087065166134384
76,329127.97,328345.66850981844,329910.26899018156,782.3002401815877,0.08760626747581059
77,285385.12,284700.2612964527,286069.9887035473,684.8637035472965,0.08626935586494948
78,136861.23,136564.9405814506,137157.5281685494,296.29379354940824,0.08040998774039992
79,198488.06,197947.20848949536,199028.91651050464,540.8540105046451,0.08912710750000437
80,289572.1,289047.1528056377,290097.0346943623,524.9409443623317,0.06695369233769183
81,265848.62,265225.44458667655,266471.80541332345,623.1804133234812,0.07736827005373552
82,346577.7,345860.14846389357,347295.22653610643,717.539036106418,0.0795637100813777
83,141696.69,141340.52954761402,142052.84545238598,356.15795238598,0.10438847059867348
84,493328.88,492332.9758762669,494324.7741237331,995.8991237331095,0.07790559337661344
85,309486.28,309004.3558094113,309968.2066905887,481.92544058866287,0.06371793462718552
86,176816.42,176165.7260082348,177467.1177417652,650.6958667652019,0.1518099297796083
87,212743.55,212354.51012193834,213132.58362806166,389.0367530616558,0.06892012001102352
88,220689.05,220257.18661581504,221120.90713418496,431.86025918496625,0.07733670923495191
89,220856.3,220339.0151895059,221373.5785604941,517.2816854940876,0.08238020924213564
90,305345.72,304674.56734322215,306016.87015677785,671.1514067778704,0.08559084100452954
91,165132.72,164658.90493032095,165606.53256967905,473.81381967905395,0.09104392168786156
92,243733.95,243137.10628695102,244330.79996304898,596.846838048987,0.10268522105868484
93,223478.33,222847.78309755068,224108.87315244932,630.5450274493242,0.10964725038076464
94,265889.5,265403.91385135136,266375.08614864864,485.58614864864944,0.06790435262467528
95,243957.94,243476.37013698267,244439.50486301733,481.5673630173136,0.07132664508126314
96,185063.0,184625.5689136402,185500.4310863598,437.4310863597974,0.08635247702256922
97,247884.86,247348.99881228886,248420.71993771114,535.860562711149,0.07577827941064616
98,201859.7,201383.470670133,202335.935579867,476.23245486697704,0.08005560890079026
99,207111.11,206549.58387880068,207672.63487119932,561.5254961993253,0.10247819868613653
100,328771.9,327935.6648675042,329608.1476324958,836.2413824957771,0.11025681483828134
101,270582.38,269727.5983688767,271437.1516311233,854.7766311233113,0.10776476048182028
102,259973.55,259188.49027396538,260758.60347603462,785.056601034629,0.1164013408992231
103,176866.33,176372.59964896538,177360.05660103462,493.7284760346285,0.10484117860765063
104,367797.47,367013.6462204392,368581.2912795608,783.8225295608115,0.07387580205371591
105,183256.58,182746.47597524282,183766.68027475718,510.10214975717815,0.09695297649481735
106,304351.78,303452.48071948905,305251.08178051095,899.3005305109796,0.09649220244439836
107,267813.12,267171.7139727618,268454.5360272382,641.4110272381752,0.08231599395865545
108,442752.84,441917.2191986909,443588.4683013091,835.6245513091208,0.06636476886690135
109,235192.27,234667.0906883446,235717.4405616554,525.174936655405,0.0772372509783811
110,167768.28,167279.2193240604,168257.3431759396,489.06192593961237,0.10101552096464561
111,249037.27,248468.36477248734,249606.16647751266,568.900852512669,0.08432645741645364
112,221699.89,221114.6169103674,222285.1643396326,585.2737146326009,0.08666400407367736
113,221608.97,221072.49767736485,222145.43982263515,536.471072635135,0.09682200991105239
114,192852.84,192448.81314664273,193256.87435335727,404.03060335726383,0.08095448068686091
115,288503.66,287715.42042335303,289291.89207664697,788.2358266469593,0.0950010636696965
116,257456.3,257079.99671399916,257832.59703600084,376.3001610008448,0.054712430867650944
117,137889.28,137545.76454946157,138232.79795053843,343.5167005384292,0.0973994484712369
118,287933.84,287132.26278769004,288735.42471230996,801.5809623099656,0.08847446667922333
119,212793.78,212391.11251583614,213196.44998416386,402.66873416385135,0.06952002548333118
120,256855.1,256151.84770903716,257558.33979096284,703.246040962838,0.0986215569605343
121,162057.48,161635.65088550464,162479.31786449536,421.833489495355,0.10804121468797521
122,318242.0,317330.82676235464,319153.17323764536,911.1732376453476,0.10876740805823631
123,291009.03,290435.7343552048,291582.3281447952,573.2968947951849,0.07801668452305395
124,171695.45,171184.79329866977,172206.11295133023,510.6598263302371,0.11959581540867402
125,409655.5,408452.1472893792,410858.8527106208,1203.352710620779,0.09709270860597496
126,209851.95,209259.52442725928,210444.38182274072,592.428697740709,0.1205493065271006
127,194566.28,193952.38237040752,195180.18012959248,613.8988795924835,0.10974269969629594
128,302203.9,301363.1005991343,303044.7119008657,840.805650865709,0.09984807500430945
129,326403.84,325537.78941881337,327269.89808118663,866.0543311866548,0.10389490731870557
130,194326.0,193804.79472392314,194847.20527607686,521.2052760768574,0.09755115835654207
131,203926.48,203161.65384818413,204691.31490181587,764.8305268158783,0.1626347591179852
132,262671.62,261990.38708826015,263352.86291173985,681.2379117398634,0.08702264473316079
133,219930.84,219509.39489416173,220352.29260583827,421.4488558382594,0.08472896874308104
134,172296.14,172009.61002164273,172582.67122835727,286.5306033572633,0.06530199499467126
135,233633.34,233062.09727354307,234204.59022645693,571.2464764569258,0.09039434881812113
136,205787.6,205214.5606920397,206360.6268079603,573.0330579603046,0.09732684762679807
137,290251.2,289546.4688555743,290955.9061444257,704.7186444256763,0.09775450219579258
138,262552.4,261881.18194415118,263223.6305558488,671.2243058488165,0.09083708003798202
139,242609.1,241767.30751161318,243450.87998838682,841.7862383868255,0.14265285857745172
140,275005.72,274459.157635663,275552.279864337,546.5611143369939,0.07168164249247927
141,200253.48,199848.3185111381,200658.6502388619,405.1658638619091,0.07103981281288933
142,164922.53,164587.58366765204,165257.47883234796,334.94758234797297,0.07810655822328945
143,231367.12,230907.2214157517,231827.0285842483,459.9035842483106,0.07261200902302145
144,273279.4,272567.8858081715,273990.9266918285,711.5204418285473,0.09532048471710511
145,290577.84,289995.42270639783,291160.26479360217,582.4210436021964,0.07543136274663893
146,307494.97,306896.1541781039,308093.7833218961,598.8145718961158,0.07736258547591628
147,306212.72,305600.4839263091,306824.9535736909,612.2348236908794,0.0791036392664784
148,312309.0,311747.9418681377,312870.0581318623,561.0581318623317,0.06392392629422482
149,205946.38,205224.912393106,206667.837606894,721.4626068940033,0.1327245795724651
150,296938.97,296007.31007179053,297870.62742820947,931.658678209459,0.10516824361318705
151,254761.16,254279.1304502745,255243.1820497255,482.02579972550694,0.06881881470876844
152,197642.3,197304.57077438766,197980.02297561234,337.7261006123319,0.06354949985737311
153,251413.55,250538.15204682222,252288.94170317778,875.3948281777878,0.14410585253974614
154,323453.2,322729.00314083614,324177.37185916386,724.1843591638516,0.08305955833459146
155,247101.66,246206.02730415962,247997.28519584038,895.6289458403712,0.13017159560524014
156,242827.58,242309.41015625,243345.74609375,518.1679687500003,0.08811298637710129
157,350075.88,349445.8471283784,350705.9028716216,630.0278716216226,0.06386865082734533
158,302967.06,302266.0049883868,303668.1200116132,701.0575116131757,0.08720992604991873
159,285444.4,284976.3950591216,285912.4174408784,468.0111908783792,0.05850739341300078
160,208994.08,208599.0742121516,209389.0820378484,395.00391284839577,0.0730677904282081
161,269559.56,269041.18862172717,270077.93637827283,518.3738782728037,0.07424956589647444
162,282354.4,281587.6407437711,283121.1717562289,766.7655062288851,0.09231417581661634
163,247506.27,247045.17803790118,247967.35321209882,461.08758709881715,0.07171789749922648
164,240163.25,239512.12146985854,240814.37853014146,651.128530141469,0.09480975367994933
165,143151.94,142797.7191459037,143506.1558540963,354.2183540962838,0.08838446362544487
166,207603.64,207048.3225559544,208158.9586940456,555.3180690456073,0.10042549697736533
167,331823.62,331142.4294103674,332504.8205896326,681.1955896326004,0.07556006286572194
168,278198.6,277650.4303869299,278746.7571130701,548.1633630701017,0.07049931135024923
169,220818.86,220201.47310494087,221436.24564505913,617.3862700591212,0.11411374448801648
170,154655.0,154200.1612845756,155109.8387154244,454.83871542440926,0.115878242473432
171,300260.25,299714.53472075594,300805.96527924406,545.7152792440883,0.07117233921849529
172,251715.66,251319.08936866553,252112.22313133447,396.56688133445857,0.05650365096877755
173,288783.7,288125.64462362754,289441.73037637246,658.0428763724656,0.08148861792748097
174,230359.8,229724.69331978462,230994.90043021538,635.1035552153712,0.10392358326323202
175,212642.38,212129.48145850928,213155.26854149072,512.8935414907095,0.07776394599098445
176,190224.27,189744.57778848184,190703.95346151816,479.6878365181584,0.10450712159843074
177,135082.75,134628.84021655933,135536.65978344067,453.90978344066764,0.12664915225059345
178,371932.62,371372.900324641,372492.349675359,559.7246753589532,0.05877342061242645
179,261536.47,260757.31507337416,262315.62242662587,779.1536766258445,0.10884414795277289
180,266902.8,266471.1792915963,267334.4457084037,431.63320840371676,0.05789851600393038
181,232101.48,231547.44537848394,232655.52337151606,554.0389965160473,0.09319153236272977
182,203598.97,203167.52124683277,204030.41625316723,431.4475031672296,0.0743648403897115
183,186979.34,185710.57391160534,188248.11358839466,1268.7698383946574,0.1916090988339468
184,238004.25,237512.55891047296,238495.94108952704,491.69108952702703,0.08180280395935534
185,244621.05,244039.57750475084,245202.51624524916,581.4693702491553,0.0873385332338828
186,143578.83,143252.26359269425,143905.39265730575,326.56453230574346,0.07888240664529333
187,222585.95,222105.4906698691,223066.4155801309,480.46245513091196,0.0766050918692882
188,190450.05,189823.41855600718,191076.67519399282,626.6283189928198,0.10394811643712883
189,315572.03,315002.621661212,316141.440838788,569.4095887880059,0.07112164939920215
190,284373.2,283741.53139516467,285004.84360483533,631.6561048353044,0.07778427752546793
191,245318.14,244749.95069679053,245886.33055320947,568.1899282094598,0.07866621107324927
192,451458.44,450104.9938766892,452811.8811233108,1353.4436233108104,0.09761716193121033
193,187321.38,186859.7148371516,187783.0351628484,461.66016284839407,0.08086710061813962
194,180325.14,179879.80823743666,180770.47301256334,445.33238756334447,0.08658818016420032
195,391490.94,390531.82285948057,392450.05214051943,959.1146405194271,0.0916870265808805
196,191082.08,190715.41762563345,191448.73862436655,366.66049936655395,0.06540772075010094
197,238663.12,238156.3581345017,239169.8918654983,506.76686549831044,0.07319191501604123
198,103444.44,103146.20760366079,103742.66739633921,298.2298963392106,0.12056607840299025
199,310706.44,310030.5657200169,311382.3092799831,675.871779983109,0.08233157014566443
200,291223.7,290471.44068042655,291975.93431957345,752.2468195734804,0.10556167440445294
201,195321.19,194802.7651961043,195839.6098038957,518.4223038956927,0.09221770414342863
202,230000.48,229477.01359269425,230523.95515730575,523.4707823057435,0.0797071826305255
203,243686.64,243125.86850717905,244247.41274282095,560.7721178209459,0.07895364627467422
204,207083.34,206582.75163640204,207583.93586359796,500.5921135979722,0.08355629753001374
205,229239.88,228750.89957242398,229728.85042757602,488.9754275760147,0.07852584435698294
206,285476.4,284587.6580975507,286365.1544024493,888.7481524493257,0.11636830466844318
207,397926.6,397194.2105283995,398658.9769716005,732.3832216005085,0.06111495906431343
208,107248.695,106937.59677866343,107559.79384633657,311.0985338365708,0.09607917227924276
209,237030.02,236202.66842012628,237857.36282987372,827.3472048737289,0.12481970491679903
210,118641.91,118353.51936629011,118930.29313370989,288.3868837098822,0.09910117139542518
211,458372.3,456682.6948638091,460061.9301361909,1689.6176361908786,0.11678585580680156
212,167217.31,166820.28092667862,167614.34407332138,397.0315733213689,0.087470366912805
213,305582.62,304894.1828811233,306271.0671188767,688.4421188766892,0.08067697329407263
214,351637.66,350838.06253959035,352437.24996040965,799.5937104096284,0.08484326577197412
215,249462.45,248720.17526657516,250204.73098342484,742.2778584248305,0.1272642421850579
216,271117.16,270324.8192831503,271909.4932168497,792.3369668496622,0.12218326965750298
217,179481.3,179143.7639490076,179818.8298009924,337.53292599239853,0.06443954229658942
218,174681.31,174329.14979017104,175033.47520982896,352.1627098289691,0.07749244559578665
219,112736.414,112446.5883228199,113026.2398021801,289.8257396801094,0.09283965591258972
220,173134.94,172644.62691353462,173625.24808646538,490.3105864653712,0.1006939883711101
221,220024.2,219440.85624736064,220607.55000263936,583.346877639358,0.09387399249128889
222,178682.66,178339.8966361381,179025.4158638619,342.75961386190846,0.06825337560171597
223,267559.12,266937.0021114865,268181.2478885135,622.1228885135132,0.08648746835347482
224,274456.94,273871.17294394004,275042.70205605996,585.7645560599657,0.07402361763452987
225,200325.94,199777.48486328125,200874.39013671875,548.45263671875,0.10166756166866811
226,248442.52,247949.93348817568,248935.09776182432,492.58213682432375,0.07815766347096177
227,228006.95,227571.2868454392,228442.6194045608,435.66627956081265,0.07520115934717897
228,317474.53,316766.8970386402,318182.1654613598,707.634211359797,0.09134396919204421
229,331206.53,330584.6110905828,331828.4514094172,621.9201594172304,0.0702212886601389
230,280543.66,279826.38864548143,281260.92385451857,717.2676045185814,0.0899211661098079
231,183390.92,182838.97916226773,183942.86458773227,551.9427127322635,0.11199208076949727
232,137343.55,137056.60082347973,137630.49292652027,286.9460515202705,0.07735732275229776
233,346113.34,345276.50748258026,346950.18001741974,836.836267419764,0.0853837303204891
234,393104.06,392244.83705922717,393963.28794077283,859.2254407728052,0.08941937044499502
235,203178.33,202691.42262721705,203665.23362278295,486.90549778293956,0.0865540067070825
236,259144.11,258549.0553869299,259739.1633630701,595.0539880701011,0.08356882628774301
237,171564.56,171159.40745090795,171969.71754909205,405.1550490920614,0.08804827057628577
238,284573.3,283754.55533414276,285392.06966585724,818.7571658572634,0.11921927584638266
239,195026.98,194608.84080711572,195445.12794288428,418.14356788429046,0.08106216577993475
240,175379.48,175004.47831767314,175754.49043232686,375.0060573268585,0.08300859216147337
241,247729.45,247269.19986539273,248189.70638460727,460.25325960726343,0.07073203213978414
242,147141.03,146760.62245961782,147521.44004038218,380.40879038217884,0.09070219319515452
243,260185.19,259621.65969436234,260748.71530563766,563.5278056376696,0.08717282444393776
244,200026.64,199298.36682458827,200754.91442541173,728.2738004117399,0.1344489287585099
245,337094.0,336359.6420634502,337828.3579365498,734.3579365498299,0.07557192498725776
246,255396.27,254842.03020745356,255950.50104254644,554.2354175464519,0.07383989544606331
247,310496.84,309866.4379091005,311127.2495908995,630.4058408994932,0.08406976799763846
248,286474.8,285768.8295634502,287180.7954365498,705.9829365498331,0.08873253515175787
249,194065.08,193608.84199482686,194521.31425517314,456.2361301731418,0.08181362581947295
250,323511.78,322894.3098606419,324129.2526393581,617.4713893581084,0.06472071815759546
251,673969.3,672358.2176678631,675580.4073321369,1611.094832136825,0.08878627876973823
252,383551.3,382817.97583667655,384284.64916332345,733.3366633234779,0.0735608781328028
253,199805.22,199287.185830606,200323.251669394,518.0329193940032,0.09566167968937292
254,121322.625,120909.25549646326,121735.99450353674,413.3695035367397,0.1331234475409528
255,232715.22,232327.36152607686,233103.07597392314,387.8572239231416,0.06165857148379785
256,311027.53,310096.1999049831,311958.8625950169,931.3313450168927,0.12634250165177727
257,182986.05,182579.4347022804,183392.6590477196,406.6121727195942,0.08522356059363467
258,217904.78,217315.77824113175,218493.78425886825,589.003008868243,0.1024013113231706
259,543804.8,543136.7878361192,544472.8371638808,668.0246638808133,0.0513913301212839
260,229662.8,229291.82413956925,230033.76961043075,370.97273543074294,0.05920038163155608
261,409673.22,408678.75295608107,410667.68454391893,994.4657939189195,0.0829496993609323
262,876847.7,875058.8020076308,878636.5729923692,1788.8854923691824,0.08429774509335539
263,159555.39,159142.04048115498,159968.74076884502,413.3501438450166,0.09295850301245907
264,251732.31,250917.95672772382,252546.66827227618,814.3557722761816,0.13177402507706945
265,196060.45,195578.26944547085,196542.63680452915,482.1836795291393,0.1003512386066534
266,150526.06,150178.78789458403,150873.33710541597,347.27460541596344,0.08640893600920638
267,309421.78,308148.37192514783,310695.19057485217,1273.409324852195,0.12684208055861113
268,178364.95,177935.42326726142,178794.48298273858,429.5298577385971,0.0894756873437762
269,305147.72,304123.13748416386,306172.30001583614,1024.5812658361478,0.13804255896710893
270,352064.3,351336.83205764357,352791.79294235643,727.4804423564203,0.07200194047312249
271,286751.78,285994.40964817355,287509.15285182645,757.3716018264367,0.11441083587186766
272,230973.72,230581.92347181166,231365.51402818834,391.79527818834543,0.06313491180327556
273,277674.44,277198.8673722551,278150.0076277449,475.57012774493165,0.06298972167986969
274,200939.17,199706.64170943858,202171.70204056142,1232.53016556141,0.2115319609590492
275,243132.67,242471.8519716005,243793.4917783995,660.8199033994935,0.08967941407249795
276,142233.64,141852.43252480996,142614.84872519004,381.20810019003386,0.10959649479453924
277,223985.36,223498.52032305743,224472.19842694257,486.8390519425678,0.07674217099512992
278,255332.03,254678.34215318834,255985.72034681166,653.689096811656,0.09021896676339315
279,348361.97,346911.6667282517,349812.2707717483,1450.30202174831,0.14601584435761358
280,231249.9,230842.8607738598,231656.9517261402,407.0454761402029,0.06312955127265116
281,214072.3,213601.59888355152,214542.99486644848,470.69799144848,0.07506769531114371
282,157921.89,157589.1135385874,158254.6677114126,332.7770864125842,0.0732509283441637
283,271611.2,270768.2633683488,272454.1116316512,842.9241316511827,0.09846811435503595
284,199688.78,199176.58397117822,200200.97852882178,512.1972788217901,0.0890106153103786
285,200976.64,200499.7844700169,201453.4967799831,476.8561549831085,0.08815150712310359
286,138582.98,138263.88081648544,138902.08793351456,319.10355851456904,0.09612088079433234
287,311686.94,311118.9337653083,312254.9412346917,568.0037346917234,0.06754475086548681
288,207786.4,207269.24198954814,208303.57051045186,517.1642604518581,0.09996001710727741
289,230066.02,229507.11275337837,230624.91849662163,558.9028716216224,0.09494657718538499
290,261416.78,260853.26810599663,261980.29439400337,563.5131440033787,0.08748167840259956
291,276009.9,275490.73236248945,276529.08013751055,519.1738875105574,0.06702855168613987
292,105094.0,101781.88637181332,108406.11362818668,3312.113628186677,0.5465372634105649
293,220441.86,220046.27069256757,220837.44805743243,395.58868243243285,0.0686970878224821
294,212215.58,211513.61429740288,212917.54195259712,701.963827597129,0.1139594367422528
295,213126.98,212544.8941353463,213709.0746146537,582.0902396537175,0.08850974230180753
296,252351.4,251793.24395586993,252909.56854413007,558.1622941300684,0.08312056864036284
297,248616.12,247993.5807379645,249238.6692620355,622.5442620354737,0.07964146292005583
298,314026.4,313328.6540593328,314724.1584406672,697.7521906672295,0.0815367470101506
299,311938.53,310794.692008085,313082.370491915,1143.8392419149714,0.1305470115931212
300,281495.88,280738.9014859586,282252.8485140414,756.9735140413865,0.10103091174016787
301,194579.11,194132.72593565244,195025.49281434756,446.38343934755085,0.08152184666599885
302,140230.98,139832.9619470545,140629.0068029455,398.0224279455242,0.10736685226955892
303,234389.3,233852.7071632179,234925.8865867821,536.589711782095,0.08866866579868755
304,243707.5,243173.35220914273,244241.64779085727,534.1477908572629,0.07890633861964721
305,229124.14,228591.64178631757,229656.63946368243,532.4988386824322,0.08506711606946128
306,162796.92,162323.92918602197,163269.91456397803,472.99268897804075,0.09541521399270693
307,93922.28,93638.06524493243,94206.49725506757,284.21600506756755,0.11856338837317461
308,321025.0,320207.1856656461,321842.8143343539,817.8143343538842,0.09534661350199948
309,257266.6,256793.60871516046,257739.57878483954,472.9850348395268,0.07582160169599401
310,345995.5,345154.3765954306,346836.6234045694,841.1234045694041,0.10101695957818138
311,246046.22,245546.318926837,246546.118573163,499.89982316300694,0.073393735921135
312,204205.58,203708.7898872994,204702.3663627006,496.7882377005914,0.08460968328173504
313,247062.66,246509.31909839527,247615.99340160473,553.3371516047307,0.07394473442158485
314,190964.27,190496.26775628168,191432.26349371832,467.9978687183279,0.10155797957244936
315,155278.66,154839.9485193201,155717.3639806799,438.70773067989893,0.09849670982585661
316,373396.66,372610.95309860643,374182.35940139357,785.7031513935818,0.07947050758306752
317,205401.95,204890.58462441934,205913.32162558066,511.368500580659,0.0901952215032805
318,256380.83,255520.3709749789,257241.2852750211,860.4571500211147,0.11386338909592211
319,277832.34,277261.76009554474,278402.92740445526,570.5836544552355,0.08061934621686413
320,514797.9,513155.2189875422,516440.5935124578,1642.6872624577704,0.10245366145757892
321,222142.5,221618.3872994088,222666.6127005912,524.1127005912176,0.08352131196328044
322,183314.64,182847.00444401923,183782.27680598077,467.6361809807853,0.08990989507351066
323,278410.62,277960.7172587627,278860.5327412373,449.9077412373319,0.05907287575370848
324,193114.2,192585.38256176098,193643.02368823902,528.8205632390196,0.11024912513733505
325,232339.45,231724.34590107686,232954.56034892314,615.1072239231424,0.12015178658640661
326,213309.1,212772.90578811234,213845.28171188766,536.1879618876694,0.09633478338928572
327,279075.44,278502.27535103465,279648.59964896535,573.162148965373,0.06962368085956869
328,161806.81,161425.2251900338,162188.3998099662,381.5873099662167,0.09367216750763788
329,262211.44,261547.1813502956,262875.6936497044,664.2561497043915,0.10433503516561764
330,153923.38,153459.1097841005,154387.6402158995,464.26521589949346,0.12343340036401176
331,202203.95,201793.88087917017,202614.02537082983,410.07224582981365,0.073680031260695
332,133097.88,132853.4226899018,133342.3273100982,244.4523100981843,0.06925341643143608
333,355616.62,354793.8448453336,356439.4051546664,822.7801546663861,0.08266582841303924
334,203040.64,202441.71939664273,203639.56185335727,598.9212283572643,0.12242124324039873
335,564071.8,562960.1179255996,565183.5070744004,1111.6945744004363,0.07875276977809155
336,473967.0,472670.4642103041,475263.5357896959,1296.535789695946,0.09766931103860872
337,196457.67,196074.72206239443,196840.62168760557,382.9498126055749,0.07230967104361913
338,242232.53,241557.54915804477,242907.51334195523,674.9820919552363,0.09807302758402887
339,184655.58,184014.34609243032,185296.81015756968,641.2320325696796,0.12315855563202809
340,235429.05,234732.3176995355,236125.7760504645,696.7291754645263,0.09580668404405672
341,210014.5,209575.51344752955,210453.48655247045,438.98655247043916,0.08086476779338243
342,416504.7,415478.01364548143,417531.36135451857,1026.673854518581,0.08891311676537014
343,285601.5,284848.9654771959,286354.0345228041,752.5345228040544,0.09902325481421394
344,335592.0,334678.8879196579,336505.1120803421,913.1120803420611,0.09248080850458981
345,173896.45,173349.16983609585,174443.73641390415,547.2832889041385,0.13441082750607275
346,266438.03,265906.57475981844,266969.48774018156,531.4564901815877,0.0700745739954698
347,191884.67,191419.8993018898,192349.4444481102,464.7725731102198,0.08787785240858521
348,328955.62,327634.2029402449,330277.0470597551,1321.422059755067,0.14952490693888407
349,301239.62,300640.73188080656,301838.51811919344,598.8931191934125,0.06934057788216787
350,256009.27,255322.95101351352,256695.58023648648,686.3146114864863,0.09608860753228617
351,233868.97,233369.5947265625,234368.3427734375,499.3740234375005,0.08636617543818864
352,242660.72,242093.4998284417,243227.9376715583,567.2189215582769,0.08456372377771294
353,283986.44,283617.1136900436,284355.7613099564,369.32380995639596,0.05515236331625249
354,306474.12,305785.2082717483,307163.0417282517,688.916728251689,0.08319927720711373
355,325304.94,324598.067541174,326011.807458826,706.8699588260131,0.07063690743695483
356,228755.17,228254.14963840795,229256.19411159205,501.02223659206044,0.07545040895255446
357,274815.66,274102.9788587416,275528.3336412584,712.6773912584459,0.08661008014294633
358,376025.06,375464.23176203546,376585.89323796454,560.8307379645274,0.0601784377552021
359,242477.75,241997.1390809755,242958.3609190245,480.61091902449385,0.07252047402708887
360,246076.22,245588.94997096705,246563.48752903295,487.268779032939,0.07313199101319542
361,236955.12,236433.2209670608,237477.0290329392,521.9040329391896,0.09011076565351274
362,336704.8,336028.7695840372,337380.8554159628,676.0429159628386,0.07321182631617972
363,260026.58,259431.77866342905,260621.37758657095,594.7994615709455,0.08079296053813802
364,187408.78,186925.34824350718,187892.21425649282,483.43300649282065,0.08962037312761705
365,198442.31,197971.60985668286,198913.01514331714,470.7026433171443,0.0822101558277177
366,219172.53,218760.83598368877,219584.22651631123,411.6952663112336,0.07635474687978369
367,191321.61,190839.96529244087,191803.25345755913,481.64408255912144,0.07882999192134695
368,374355.7,373670.54832664697,375040.82667335303,685.139173353041,0.06769392456674679
369,240115.4,239677.46138619087,240553.35111380913,437.944863809122,0.06779402360585883
370,292706.88,291968.56149704393,293445.18850295607,738.3135029560813,0.09412925946533318
371,250728.75,250137.69733160894,251319.80266839106,591.0526683910476,0.09092178930848603
372,327870.6,327055.8240339949,328685.3634660051,814.769716005068,0.08825096372769595
373,172306.47,171974.5442092483,172638.3932907517,331.92454075168945,0.07286963026930414
374,254374.8,253917.07648199957,254832.51726800043,457.7203930004222,0.06672470463293731
375,334350.8,333764.3139384502,334937.3110615498,586.4985615498307,0.062402173263202486
376,301675.5,301055.14140361064,302295.85859638936,620.3585963893597,0.08387950140760725
377,300131.25,299493.1596415752,300769.3403584248,638.0903584248302,0.0734337932991261
378,245745.4,245090.30280035894,246400.50969964106,655.1034496410467,0.09775289908502556
379,150527.14,150199.20280827704,150855.07844172296,327.9378167229728,0.08298455258479946
380,520582.4,519266.98875633447,521897.82374366553,1315.4174936655427,0.09748024503607756
381,335444.7,334910.23296294344,335979.14203705656,534.454537056587,0.06065989181416301
382,281352.06,280845.05953072215,281859.06546927785,507.002969277872,0.06605246899022864
383,607030.75,605614.9601984797,608446.5398015203,1415.789801520272,0.08400749129645722
384,323056.4,322134.1395956503,323978.6729043497,922.2666543496622,0.09575936302405358
385,270590.44,269945.31391205656,271235.56108794344,645.123587943413,0.09424922894148904
386,257572.48,256915.8808329814,258229.0879170186,656.6035420185813,0.08938080171290065
387,329487.06,328709.4260847762,330264.6989152238,777.6364152238176,0.08065607844611151
388,371000.66,370410.87364073057,371590.43885926943,589.7826092694258,0.0617740250596033
389,377721.66,376662.1115920608,378781.2009079392,1059.5446579391885,0.09765697940304575
390,408289.62,407224.97400232265,409354.27599767735,1064.650997677364,0.08498717309093858
391,209727.73,209147.40909390835,210308.05965609165,580.3252810916389,0.12616661275609434
392,264469.9,263870.60640572215,265069.20609427785,599.2998442778717,0.08569309395040439
393,211668.94,211070.97773701436,212266.89726298564,597.9597629856421,0.09884741298466662
394,317455.78,316871.7339263091,318039.8285736909,584.0473236908774,0.06506206324729819
395,146797.64,146456.0032134185,147139.2780365815,341.6374115815033,0.09450153618702292
396,352085.3,351195.0410288218,352975.5839711782,890.2714711782093,0.08865525440132385
397,221352.88,220855.78567092484,221849.96432907516,497.089329075169,0.0971936995850071
398,197036.62,196523.8391575169,197549.4108424831,512.7858424831089,0.08453754295124705
399,216753.39,216111.29541015625,217395.48583984375,642.0952148437511,0.10156808956927431
400,323218.66,322475.47062394425,323961.84187605575,743.1856260557427,0.08607028333201767
401,265677.4,265074.9452267209,266279.8672732791,602.4610232791387,0.08256789065054673
402,210535.02,209884.10350242822,211185.92774757178,650.9121225717896,0.10838865119122788
403,257485.66,256695.07944467905,258276.23305532095,790.5768053209449,0.09990667356188834
404,176541.33,176040.0517314189,177042.6045185811,501.27639358108087,0.09455954183601441
405,167351.1,166966.62505278716,167735.56244721284,384.46869721283747,0.0909232523023468
406,267204.72,266652.18323743663,267757.25426256337,552.5355125633448,0.07686098559079449
407,157046.27,156697.59396774703,157394.93728225297,348.671657252956,0.08148083087756866
408,177270.36,176880.56544288428,177660.15330711572,389.79393211570914,0.07054976486607456
409,217565.94,216934.7387035473,218197.1362964527,631.1987964527025,0.09429056881481106
410,248470.92,247896.18065086572,249045.66309913428,574.7412241342911,0.10364092729389253
411,341556.22,340716.9370777027,342395.5004222973,839.281672297297,0.0889829768542745
412,333680.22,332693.6996410473,334666.7378589527,986.5191089527025,0.10044715797584798
413,253724.03,253057.88641522382,254390.17608477618,666.144834776182,0.09579767366818516
414,246228.44,245745.53817831504,246711.33682168496,482.8993216849671,0.07008310290278039
415,206705.44,205803.90985272382,207606.96514727618,901.527647276182,0.13696100338498565
416,388834.53,387838.6622941301,389830.4002058699,995.868955869932,0.08487563927321189
417,260720.9,259823.7463708826,261618.0661291174,897.1598791173994,0.13331705154508772
418,200110.72,199636.9037426098,200584.5337573902,473.8150073902035,0.10257472644340239
419,191029.48,190642.09543259078,191416.87331740922,387.38894240920575,0.07650142928631509
420,183202.31,182753.11691696578,183651.50808303422,449.1955830342065,0.08657205887346112
421,351664.5,350593.14565297717,352735.85434702283,1071.354347022805,0.10296493808331006
422,158589.45,158250.89009712837,158928.01615287163,338.56302787162156,0.07592368581256818
423,458974.47,457589.32212936046,460359.61537063954,1385.1466206395337,0.10881664707786036
424,272589.94,271858.59521484375,273321.27978515625,731.3422851562492,0.10017862879545841
425,126286.42,125863.52051441089,126709.32323558911,422.90136058910485,0.14176905832431774
426,184019.05,183620.45754592484,184417.63620407516,398.5893290751691,0.08613884094864745
427,280561.25,279574.2269716005,281548.2730283995,987.0230283994937,0.12649808205679927
428,228076.6,227356.3575934333,228796.8299065667,720.2361565667228,0.10088518770451803
429,209591.22,209057.92572846284,210124.51177153716,533.2930215371625,0.10749315175170025
430,318410.16,317659.5064400338,319160.8060599662,750.6498099662164,0.0859888919133245
431,355044.5,354376.8986222551,355712.1013777449,667.6013777449318,0.06974727022870283
432,401200.8,400129.1115920608,402272.5134079392,1071.7009079391896,0.0966543905865704
433,209492.08,208674.28009175145,210309.87615824855,817.7980332485462,0.15073631870350135
434,382690.25,381812.04138513515,383568.45861486485,878.2086148648665,0.09015750485202156
435,116044.34,115749.20125765415,116339.48624234585,295.14249234586134,0.09930564851798078
436,200045.55,199681.57922693202,200409.51452306798,363.96764806798944,0.06726234374760826
437,259281.48,258318.57000897382,260244.39874102618,962.9143660261824,0.13344930126101062
438,202002.22,201474.7842984586,202529.6532015414,527.4344515413858,0.08884925540602517
439,257579.11,257096.36153927364,258061.85721072636,482.74783572635005,0.06999144032968915
440,198716.48,198328.1806706609,199104.7880793391,388.30370433910423,0.07382682816938888
441,248196.52,247672.682208087,248720.349041913,523.8334169130071,0.08314430829387034
442,168106.67,167833.53330869932,168379.81044130068,273.1385663006753,0.06108610357337247
443,191909.11,191460.91200380068,192357.30674619932,448.19737119932404,0.08889525538642847
444,427815.97,426743.2925728463,428888.6449271537,1072.676177153718,0.09056242156447761
445,321244.56,320365.9367609797,322123.1882390203,878.6257390202703,0.10538212474983126
446,180308.47,179861.36588101773,180755.57161898227,447.1028689822635,0.0993727564019514
447,188203.08,187751.38846072636,188654.76778927364,451.68966427364796,0.0792994647194025
448,307354.62,306617.3561417863,308091.8938582137,737.2688582136831,0.0939988736603282
449,389655.88,388774.14203705656,390537.60796294344,881.732962943412,0.09046619961912535
450,329633.97,328808.1024334882,330459.8350665118,825.8663165118239,0.08460291903984635
451,206531.52,205963.98986486485,207099.04138513515,567.5257601351357,0.09599268320687018
452,170380.75,169975.06538349873,170786.43461650127,405.6846165012679,0.08195492707180044
453,407840.34,406647.30375068134,409033.38374931866,1193.039999318677,0.11149545237746228
454,208890.42,208500.19846323374,209280.64528676626,390.22341176625866,0.06830814674844858
455,278847.03,277968.6926203547,279725.3698796453,878.3386296452707,0.10270303940839322
456,225730.27,225101.7904745566,226358.7407754434,628.4751504434126,0.11658574641825502
457,203614.56,203128.5847893792,204100.5402106208,485.97771062077675,0.08852336467434982
458,277489.53,276762.9991290118,278216.0633709882,726.5321209881761,0.09231472958497754
459,331277.78,330591.7780431799,331963.7844568201,686.0032068201026,0.07308702315373954
460,133784.17,133394.4844013936,134173.8593486064,389.687473606419,0.11234452256177807
461,177995.77,177487.93346838048,178503.59778161952,507.83215661951016,0.11546160786589785
462,168660.42,168313.48560230152,169007.35814769848,346.9362726984798,0.08068592361167344
463,223537.27,223003.06176097973,224071.46948902027,534.2038640202703,0.09869589555037273
464,361523.66,360521.1023543074,362526.2101456926,1002.5538956925664,0.09154672375259802
465,292736.2,292075.3867055532,293396.9882944468,660.8007944467911,0.08126662915528145
466,281606.62,280965.0270402238,282248.2229597762,641.5979597761816,0.09366114313445123
467,490729.06,489262.9361011402,492195.1888988598,1466.126398859798,0.11356702507647332
468,206829.2,205931.51305162584,207726.89319837416,897.6900733741554,0.12677161218470515
469,406435.47,405526.66362700594,407344.27387299406,908.8051229940886,0.07362725327909851
470,444681.72,443433.5760399071,445929.8614600929,1248.1427100929059,0.1098027004484001
471,258007.47,257539.71002692144,258475.22747307856,467.7587230785471,0.06399437539741334
472,185524.16,185097.095135663,185951.217364337,427.0611143369935,0.07442780072196802
473,124798.44,124546.49716269004,125050.37783730996,251.94033730996642,0.08492971242224472
474,277520.16,276968.26236539276,278072.05013460724,551.8938846072643,0.07963076109635595
475,235765.53,235198.9945365287,236332.0679634713,566.5367134712837,0.09561043695387476
476,213419.5,213034.53060995566,213804.46939004434,384.96939004434114,0.06892477122328383
477,230762.67,230161.7502903294,231363.5934596706,600.9215846706084,0.0873144667128174
478,239660.67,239118.0136982686,240203.3300517314,542.6581767314199,0.08356393083223389
479,402961.16,402050.0778346706,403872.2346653294,911.0784153293915,0.07921538090095034
480,174739.62,174407.4589579814,175071.7910420186,332.16604201858127,0.07227480284795648
481,207814.5,207319.7379909206,208309.2620090794,494.76200907939074,0.0843120770026046
482,285162.5,284589.87583139783,285735.12416860217,572.6241686021956,0.07295447551480073
483,182387.4,181918.3689789643,182856.4435210357,469.03727103568434,0.1144261444629177
484,269041.53,268235.0789168074,269847.9835831926,806.4523331925689,0.10454537893603756
485,198679.16,198240.76109190244,199117.55140809756,438.3951580975507,0.07988355908561617
486,166231.62,165761.21604465795,166702.03395534205,470.40895534206044,0.11141373200856661
487,258644.5,257995.36036475928,259293.63963524072,649.13963524071,0.08789464492552222
488,132527.66,132201.35192541173,132853.96057458827,326.30432458826016,0.0885334942216376
489,270399.25,269774.24994061445,271024.25005938555,625.0000593855564,0.07645132317474153
490,303065.66,302524.575353674,303606.737146326,541.080896326013,0.06800932313040906
491,262828.47,262301.8420212204,263355.0954787796,526.62672877956,0.07865207253640326
492,291215.5,290659.4425015836,291771.5574984164,556.0574984163848,0.07000380155246579
493,309846.5,309106.2941828547,310586.7058171453,740.2058171452708,0.0818012960823174
494,319897.12,319374.0141260901,320420.2358739099,523.1108739098842,0.06841370336866709
495,193924.36,193373.43588339316,194475.28286660684,550.9234916068413,0.09299954203063772
496,264481.56,263776.5541728252,265186.5708271748,705.008327174832,0.08605124688309497
497,318388.06,317668.7395481419,319107.3854518581,719.3229518581079,0.08109161245019528
498,253012.95,252555.85606260557,253470.05018739443,457.0970623944261,0.06351387911314055
499,211319.61,210930.25880225928,211708.95994774072,389.35057274070937,0.07207977336921986
500,222723.38,222129.74503800675,223317.00496199325,593.6299619932445,0.08947347703942843
501,177627.27,177179.4097471495,178075.1215028505,447.8558778505068,0.10862005167322968
502,383662.28,382830.01359269425,384494.54890730575,832.2676573057427,0.08296082506116993
503,266298.06,265558.67179581925,267037.45320418075,739.3907041807437,0.10816983194512328
504,241366.81,240815.0973923142,241918.5276076858,551.7151076858122,0.07590924591435322
505,190809.55,190285.7995275549,191333.2942224451,523.747347445101,0.11167436758487335
506,258104.64,257537.64948004644,258671.63176995356,566.9911449535479,0.078351155451473
507,318413.78,317654.7422006968,319172.8202993032,759.0390493032106,0.0899612146577562
508,264757.8,264037.18294710724,265478.44205289276,720.6295528927362,0.09567029474551335
509,225233.42,224714.5160275021,225752.3277224979,518.9058474978887,0.08420789497550478
510,300064.06,299483.5859243032,300644.5390756968,580.4765756967903,0.07659131746133258
511,200238.31,199705.72088788007,200770.90411211993,532.591612119933,0.09062058112150342
512,261499.75,260909.2513740007,262090.2486259993,590.4986259992734,0.08561118984440777
513,605024.2,603721.3079339105,606327.0670660895,1302.8795660895266,0.07938222231201232
514,224625.72,224124.177734375,225127.259765625,501.54101562500017,0.0887279961930148
515,338316.47,337509.36646167655,339123.57103832345,807.1022883234792,0.09726282974870715
516,221638.03,220938.41173986485,222337.65076013515,699.6195101351351,0.1332634094185933
517,209296.05,208588.76417995142,210003.32957004858,707.2826950485646,0.10679411102933402
518,232147.7,231329.8452676309,232965.5609823691,817.8578573690884,0.13809612194459925
519,195160.52,194728.95006994298,195592.08118005702,431.56555505701084,0.07887608609036327
520,151405.53,151013.9250620249,151797.1374379751,391.6061879750845,0.09284279697814975
521,196439.61,196036.76040566934,196842.45834433066,402.84896933065846,0.07952154826215542
522,312345.03,311361.6858240076,313328.3766759924,983.3454259923994,0.10359458507179031
523,483497.6,482687.16311233107,484308.02438766893,810.4306376689198,0.058447062255234904
524,309165.9,308441.23766522075,309890.57483477925,724.668584779253,0.09848534463258447
525,342400.16,341769.4659918708,343030.8465081292,630.6902581292228,0.068007224147433
526,380718.88,379885.5668021537,381552.1831978463,833.3081978462836,0.09727296588543212
527,415490.5,414473.7899334882,416507.2100665118,1016.7100665118255,0.10050033954353547
528,398047.84,397180.5396167652,398915.1478832348,867.3041332347981,0.0791210799983951
529,285886.3,285206.0643343539,286566.5606656461,680.2481656461152,0.0814005045773193
530,264632.3,263744.4370571403,265520.1879428597,887.8754428597374,0.12163857230319848
531,186529.86,186069.36679819468,186990.35195180532,460.49257680532116,0.09198868460779444
532,392754.84,392100.0042493666,393409.6832506334,654.8395006334451,0.05961773033849203
533,379776.66,378782.9818940034,380770.3306059966,993.6743559966209,0.08357833418134789
534,287180.56,285852.2835066512,288508.8414933488,1328.2789933488175,0.21010903114186635
535,303789.03,303130.7733055321,304447.2891944679,658.2579444679055,0.08730503296631867
536,307697.12,306988.8604043497,308405.3895956503,708.2645956503372,0.09404356332369301
537,223335.36,222802.70784945102,223868.01090054898,532.6515255489859,0.0806299124885373
538,139793.36,139434.15269346494,140152.56605653506,359.206681535051,0.09148465584904017
539,402355.72,401319.4247519003,403392.0127480997,1036.293998099661,0.08318977316266454
540,255680.72,255010.43728885136,256351.00021114864,670.2814611486483,0.09496293758909206
541,244514.48,243832.0458984375,245196.9228515625,682.4384765625002,0.10439709162118187
542,233245.39,232646.582598712,233844.198651288,598.8080262880063,0.10050657414707809
543,97849.84,97526.71113215266,98172.97636784734,323.13261784733993,0.11906636762384618
544,492428.94,491539.0023754223,493318.8726245777,889.9351245777003,0.06757238335707201
545,397891.88,397126.2809728674,398657.4690271326,765.5940271326002,0.07209977765438684
546,505739.9,504344.7807221284,507135.0317778716,1395.1255278716235,0.09388311552545596
547,220823.75,220114.68100717905,221532.81899282095,709.0689928209463,0.10775111642231469
548,185724.73,185280.2637840477,186169.2049659523,444.4705909522804,0.09321493731023174
549,179304.83,178941.26893739443,179668.38731260557,363.5591876055743,0.07824814275728383
550,243756.22,242366.94254117398,245145.49495882602,1389.276208826013,0.26977315223604226
551,233997.0,233308.15528663428,234685.84471336572,688.8447133657093,0.0936496355315402
552,281651.1,280873.2045634502,282428.9829365498,777.8891865498315,0.09675586395599688
553,271684.3,271066.2858424831,272302.3391575169,618.026657516891,0.08180659037027196
554,193194.53,192614.63485800254,193774.42764199746,579.8963919974667,0.10211788895539922
555,176329.45,175928.27522566513,176730.63102433487,401.17789933488183,0.08456068837838476
556,251557.73,251017.76978198902,252097.69896801098,539.9645930109782,0.07656758311488904
557,157438.31,156980.27502771327,157896.34997228673,458.0374722867402,0.12441315793851106
558,111159.875,110760.12715767525,111559.62284232475,399.7478423247467,0.12245178684264064
559,218414.67,217967.5089408256,218861.8348091744,447.16293417440966,0.08043766162340885
560,477513.25,475690.1345280828,479336.3654719172,1823.1154719172298,0.11721126658041767
561,255574.52,255045.5576171875,256103.4736328125,528.9580078125,0.0785284786992356
562,735764.0,734681.5969295058,736846.4030704942,1082.4030704941833,0.06345268315385262
563,177617.28,176965.2000765414,178269.3624234586,652.0811734586147,0.16082297009906651
564,223347.69,222887.82164537584,223807.55335462416,459.8658546241546,0.07902530816784478
565,239636.72,239217.2650707348,240056.1724292652,419.45367926520294,0.06617375636905724
566,198899.62,198417.74125712627,199381.50874287373,481.8837428737331,0.08697282979337503
567,186983.97,186529.90489732896,187438.03260267104,454.063852671031,0.0989617245368255
568,196450.75,196147.78351324957,196753.71648675043,302.96648675042144,0.05829009213515995
569,161954.34,161666.08489495356,162242.60260504644,288.2588550464529,0.0651105852229505
570,149852.34,149489.97328309756,150214.71421690244,362.37046690244915,0.09697827720018988
571,303107.84,302322.28588207345,303893.40161792655,785.5578679265204,0.09250950130650759
572,258735.16,258108.39241976352,259361.92008023648,626.7638302364853,0.09301417914562668
573,144412.0,144039.8586821685,144784.1413178315,372.1413178315038,0.08953013699369956
574,326629.88,325834.0722524282,327425.6777475718,795.8027475717896,0.08094068381340738
575,198104.19,197413.00984480575,198795.36515519425,691.177655194257,0.14904756815024603
576,242949.8,242451.3070629223,243448.2866870777,498.489812077702,0.07800662499812966
577,166202.94,165621.15448163007,166784.72051836993,581.7830183699325,0.11756083940820994
578,385720.38,384329.59814453125,387111.15185546875,1390.776855468749,0.12779114954209003
579,294003.5,293406.6136771537,294600.3863228463,596.8863228462836,0.07685579608815914
580,348625.2,347841.4982316301,349408.8767683699,783.6892683699328,0.08014079033647384
581,187437.92,187031.20919552364,187844.63455447636,406.7126794763511,0.08628397252130403
582,252996.34,252212.8681640625,253779.8193359375,783.4755859374997,0.13715438351975023
583,151918.14,151688.22451039907,152148.05673960093,229.91611460092915,0.05085309705378966
584,176783.42,176343.21041622676,177223.63333377324,440.21145877322687,0.09163766860045285
585,174957.06,174466.3487647804,175447.7762352196,490.7137352195942,0.09190111910034615
586,538986.56,537552.3756334459,540420.7493665541,1434.1868665540549,0.09830816633618437
587,389382.62,388191.933659734,390573.316340266,1190.6913402660457,0.11355847160040489
588,221621.12,221055.52866342905,222186.72133657095,565.5963365709459,0.08888993634356099
589,185054.69,184439.97785578546,185669.39714421454,614.7096442145272,0.12105849164971978
590,195284.8,194882.98022460938,195686.61352539062,401.81665039062494,0.0763888936602122
591,206014.6,205455.42151208827,206573.76598791173,559.1722379117399,0.09536420803363332
592,161193.69,160811.54106181377,161575.83393818623,382.1464381862329,0.09920151213442037
593,331869.34,330883.2628272804,332855.4246727196,986.0809227195948,0.10093314486526699
594,153735.81,153364.43431957348,154107.19068042652,371.3781804265204,0.08603591672205464
595,427637.38,424805.86473289697,430468.88526710303,2831.5102671030386,0.18739006442177783
596,162988.27,162359.72819230362,163616.80305769638,628.5374326963678,0.12097518530452574
597,195258.81,194807.0938885663,195710.5311114337,451.7186114336989,0.09232375519936427
598,209234.36,208722.1353462838,209746.5834037162,512.2240287162156,0.0879132711357916
599,339810.72,338878.89847709035,340742.53902290965,931.820272909628,0.09105179421529022
600,267617.22,267003.69148543075,268230.74601456925,613.527264569256,0.08096160370823005
601,182078.97,181619.69075960727,182538.24674039273,459.2779903927364,0.09305800643001892
602,234609.9,234127.84675886825,235091.96574113175,482.0594911317568,0.0755738487814313
603,260351.12,259797.17603198902,260905.07396801098,553.9489680109796,0.07658472210166506
604,274759.7,274030.7251372466,275488.6498627534,728.9623627533787,0.1076819851568979
605,269656.9,268868.13203388936,270445.68046611064,788.7742161106415,0.10166191746369897
606,202844.2,202434.57124947212,203253.83500052788,409.6318755278711,0.07660713403490445
607,137970.92,137563.89108688766,138377.95266311234,407.0307881123315,0.12584304804940813
608,346034.38,345193.8832545925,346874.8667454075,840.4917454075174,0.08164929478526022
609,168291.5,167955.0435098184,168627.9564901816,336.45649018158747,0.06772665530405544
610,156350.98,155928.65500290328,156773.31374709672,422.329372096706,0.11195650387401605
611,213092.17,212502.5040514147,213681.8396985853,589.6678235853032,0.0986042605957442
612,243290.7,242485.58882759712,244095.81742240288,805.1142974028731,0.13833488435249655
613,233311.47,232905.0023886191,233717.9351113809,406.46636138091253,0.06846278448302003
614,231627.05,230970.3906513936,232283.7030986064,656.6562236064187,0.10002765054215387
615,339735.53,339164.59769584035,340306.46480415965,570.9335541596305,0.0629350433385739
616,304884.94,304273.4533097551,305496.4216902449,611.4841902449318,0.07958436462756475
617,232035.75,231409.58725058066,232661.91274941934,626.1627494193423,0.09540474704706627
618,265743.44,265173.28202861064,266313.59297138936,570.1554713893591,0.07354742947612433
619,159544.84,159194.795238598,159894.892261402,350.04851140202646,0.07943629998085638
620,308921.25,308156.6312684755,309685.8687315245,764.6187315244937,0.08405981124769014
621,213938.12,213384.88563661318,214491.36436338682,553.239363386825,0.09559858443009221
622,154119.53,153661.5376636402,154577.5248363598,457.9935863597974,0.10413599369288107
623,257663.61,256976.9606471706,258350.2581028294,686.6487278293916,0.1099455943035028
624,252903.53,252414.75611011402,253392.30638988598,488.77513988598014,0.0771951473356111
625,243740.95,243046.2960172086,244435.6102327914,694.6571077913857,0.11946947866036008
626,337034.34,336338.98470491974,337729.70279508026,695.3590450802365,0.07441673471723961
627,231455.56,230695.68979624155,232215.43520375845,759.8727037584462,0.10735513430007941
628,225861.52,225295.1559596706,226427.8752903294,566.3596653293912,0.08966466242462666
629,236972.88,236308.74180479307,237637.00819520693,664.133195206925,0.11086595481397614
630,212559.62,212045.98391971074,213073.26608028926,513.6410802892749,0.08985134478044071
631,205339.5,204832.58911792652,205846.41088207348,506.91088207348054,0.09225937249238725
632,267894.16,267363.83820734796,268424.47429265204,530.3180426520272,0.06970225207940613
633,277437.7,276697.82924672717,278177.54575327283,739.8582532728035,0.10867263795832156
634,248586.73,248206.55715529984,248966.91159470016,380.17721970016873,0.058261887565858386
635,211024.33,210647.83954682222,211400.81670317778,376.48857817778713,0.06677296260534325
636,231948.11,230672.21304898648,233224.00570101352,1275.896326013515,0.1799624950211484
637,323451.34,322591.82885082345,324310.85864917655,859.5148991765213,0.08927205628916923
638,230978.97,230619.5843934755,231338.3531065245,359.3843565244931,0.05740787696354618
639,169310.3,168813.59238413218,169807.00136586782,496.70449086782065,0.1220673123849665
640,435099.34,434299.6378800676,435899.0496199324,799.7058699324334,0.06755795824737257
641,201421.94,200900.1879354941,201943.6870645059,521.7495645059122,0.11209376391342625
642,131209.28,130782.16362700591,131636.3988729941,427.1176229940881,0.13606806187190154
643,280832.03,280226.9106049409,281437.1518950591,605.1206450591206,0.07384931033341928
644,328335.16,327477.8319124789,329192.4805875211,857.3243375211157,0.09615301680722532
645,385643.12,384797.07378325594,386489.17621674406,846.0512167440887,0.0761720830844254
646,185496.1,185156.9304001267,185835.2570998733,339.1633498733111,0.07073139101305785
647,210387.14,209859.7055136191,210914.5757363809,527.4351113809113,0.08406967612888405
648,234522.94,234084.86407305743,234961.01092694257,438.073426942568,0.07097524440388192
649,132577.86,132245.79824416703,132909.92050583297,332.0611308329816,0.09472727649466343
650,234689.47,234189.16519742398,235189.77230257602,500.3035525760135,0.08115265455352869
651,276783.1,276291.45280827704,277274.73469172296,491.6409417229727,0.06752516199480438
652,247412.53,246973.68294050888,247851.37955949112,438.8483094911317,0.06975282282342887
653,214914.8,214458.06227565455,215371.53147434545,456.73459934543916,0.0809076559578665
654,240013.58,239578.27530484585,240448.88094515415,435.3028201541394,0.06673538735436275
655,326547.47,325785.39253853465,327309.54496146535,762.0762114653718,0.09425672132835763
656,123016.555,122679.21347788218,123353.89589711782,337.34120961782054,0.09900574955386653
657,218981.9,218138.06519214527,219825.74730785473,843.8410578547298,0.15815608184311533
658,210319.84,209869.93953890415,210769.74796109585,449.9042110958615,0.07761257389859051
659,196624.2,196323.11334063555,196925.29290936445,301.08978436444187,0.0555161737666894
660,178940.34,178332.48638751055,179548.20111248945,607.8573624894427,0.10033732768616271
661,255390.45,254691.8868639147,256089.0193860853,698.5662610853029,0.09604940397267249
662,304553.66,303814.0738096495,305293.2386903505,739.582440350506,0.103652796722928
663,208599.86,207875.03016786318,209324.68858213682,724.8292071368247,0.10621598563334023
664,188792.72,188468.1259831609,189117.3115168391,324.59276683910485,0.06147122875942299
665,292500.97,291935.9683277027,293065.9691722973,565.0004222972981,0.07261902566364084
666,257476.33,256755.70509132178,258196.95115867822,720.6230336782103,0.08741484213003649
667,307070.9,306540.60767261405,307601.20482738595,530.2985773859807,0.05918782413760583
668,320247.9,319759.78747888515,320736.02502111485,488.11877111486524,0.05749635014121646
669,185832.88,185422.6415949641,186243.1084050359,410.2334050358952,0.08181437991558448
670,236455.69,235919.8641126478,236991.5108873522,535.8233873521957,0.07736872266636546
671,240025.38,239309.6217931799,240741.1282068201,715.7532068201008,0.09141865787355867
672,300475.3,299915.098791174,301035.526208826,560.2137088260127,0.06795534685191956
673,278808.8,278008.20878642314,279609.41621357686,800.6037135768582,0.09544191477911697
674,306769.84,306083.8678869299,307455.8196130701,685.9758630701011,0.09177764533840815
675,144245.4,143731.7180802629,144759.0944197371,513.6881697371203,0.1522933807860179
676,393279.03,392696.2031363554,393861.8593636446,582.8281136446218,0.06053144759162072
677,263891.66,263259.4364178632,264523.8760821368,632.2198321368235,0.09849360659812811
678,279658.3,278833.1251187711,280483.4998812289,825.1873812288843,0.10809269667074538
679,357519.22,356955.675213788,358082.762286212,563.5435362119937,0.05912495192208721
680,184580.95,184111.68963128168,185050.21661871832,469.2634937183277,0.08743816483517826
681,142327.05,141934.61130832983,142719.48244167017,392.43556667018504,0.10048124775102706
682,449004.8,448078.661689226,449930.963310774,926.1508107739826,0.07548588731712633
683,297099.56,296648.07413956925,297551.05086043075,451.48836043074454,0.05835689754438066
684,314638.4,313663.2653610642,315613.5471389358,975.1408889358106,0.10669072509560446
685,213191.92,212463.8649440456,213919.9788059544,728.0569309543918,0.13320369438266058
686,217989.94,217581.5296927787,218398.3453072213,408.4078072212841,0.06548461494734113
687,327587.56,326863.20412795607,328311.92087204393,724.3583720439182,0.0815696855449262
688,138213.75,137867.60584485854,138559.89415514146,346.1441551414692,0.10370159878676732
689,242315.8,241730.69884923985,242900.89490076015,585.0980257601356,0.08505318885155694
690,202904.5,202467.2045370566,203341.7954629434,437.29546294341225,0.08328102719510033
691,304864.8,304033.11289854307,305696.51210145693,831.6996014569243,0.10711714175092688
692,239394.42,238646.66482131547,240142.17892868453,747.7570536845441,0.11153086743248074
693,240189.78,239553.18170660894,240826.38079339106,636.5995433910475,0.09249866335909274
694,291053.3,290246.4302681588,291860.1947318412,806.8822318412149,0.09091564259031874
695,207027.67,206337.0305637669,207718.3131862331,690.6413112331079,0.13266922185918323
696,299889.75,298701.6459697002,301077.8540302998,1188.1040302998317,0.12736505036646323
697,415252.5,414174.30421241553,416330.69578758447,1078.1957875844596,0.09673219050779648
698,578776.6,577406.0689400338,580147.1810599662,1370.5560599662153,0.07956753349496518
699,273819.12,273010.7751530828,274627.4748469172,808.3498469172295,0.09754693673567949
700,167433.5,167065.38607210727,167801.61392789273,368.11392789273657,0.08116236801042728
701,213718.53,212928.13372967695,214508.92877032305,790.3975203230567,0.1332516297940846
702,163030.31,162587.68082242398,163472.94417757602,442.63167757601383,0.10417619818404804
703,120828.4,120527.80625791807,121128.99061708193,300.59217958192573,0.10428446748336503
704,381609.8,380816.12152924406,382403.50347075594,793.6909707559123,0.07401789265333274
705,297701.6,296901.9016047297,298501.2858952703,799.6921452702704,0.11839509356558449
706,219294.95,218929.34521484375,219660.56103515625,365.6079101562505,0.0686663898752222
707,311131.9,310388.66065772803,311875.15184227197,743.2455922719597,0.08997110050451015
708,202657.36,202087.8725058066,203226.8462441934,569.486869193412,0.09047685285953132
709,357747.5,357014.12203072215,358480.87796927785,733.3779692778718,0.0736939250033826
710,178349.16,177567.10063212627,179131.21186787373,782.0556178737335,0.1781498867142772
711,222416.12,221867.60633973818,222964.64366026182,548.5186602618244,0.09411250149842418
712,226599.44,226095.53414009712,227103.34085990288,503.9033599028716,0.08589456435729094
713,346692.8,345572.08836570947,347813.53663429053,1120.7241342905413,0.1336494543154104
714,192280.6,191794.0711768898,192767.1163231102,486.5225731102197,0.0893485662129398
715,223975.3,223442.6855204814,224507.9082295186,532.6113545185808,0.08512966404217204
716,215249.06,214695.67781355575,215802.44718644425,553.3846864442576,0.10326997275788403
717,203638.94,203059.75512035473,204218.11987964527,579.182379645271,0.1100380672291716
718,233861.95,232739.44136665962,234984.46488334038,1122.5117583403728,0.15356314184581696
719,196422.17,195728.3546109586,197115.9891390414,693.8172640413859,0.13884758730606317
720,261425.12,260869.2144214527,261981.0355785473,555.9105785472965,0.07814741904004552
721,284958.1,284350.58332453546,285565.60417546454,607.5104254645263,0.07818491788276716
722,338093.78,336482.116620038,339705.445879962,1611.6646299619933,0.21734460500573405
723,287078.1,286458.6633762669,287697.5241237331,619.4303737331087,0.07156776196828277
724,261215.1,260626.94412478886,261803.24337521114,588.149625211149,0.09387857093145394
725,207908.28,207421.5779864337,208394.9845135663,486.7032635663015,0.081867040547086
726,390684.47,389874.4291596284,391494.5083403716,810.0395903716222,0.07824798321673354
727,164953.48,164558.86667942358,165348.10207057642,394.61769557643595,0.08680349630498925
728,197992.44,197528.88161159205,198455.99338840795,463.5558884079389,0.08567395697619506
729,398993.66,398308.0036423142,399679.3088576858,685.6526076858102,0.06929966730525633
730,266716.84,266184.07201488595,267249.61548511405,532.7717351140204,0.08021872264517191
731,343562.0,342598.5155062289,344525.4844937711,963.4844937711136,0.11404948955539926
732,318896.66,317998.1917809775,319795.1207190225,898.4644690225288,0.11214265422582077
733,643953.75,643128.4897801599,644779.0102198401,825.260219840117,0.05766565260482107
734,199305.69,198786.37088260136,199825.00411739864,519.3166173986488,0.10834112243397494
735,193004.61,192681.79063291807,193327.42811708193,322.81874208192687,0.06337200275718534
736,181636.39,181097.4105917441,182175.3706582559,538.9800332559122,0.10993219192359227
737,225295.48,224477.95041305953,226113.01833694047,817.5339619404568,0.13714347621110987
738,319699.3,318950.27587890625,320448.34912109375,749.0366210937514,0.0868835559157495
739,390454.62,389443.3219752956,391465.9280247044,1011.3030247043927,0.0972997363299977
740,266526.03,265660.05935916386,267392.00314083614,865.9718908361476,0.11011326935756045
741,294509.12,293901.2979703336,295116.9520296664,607.8270296663851,0.07012154827811418
742,299584.16,299130.70222761825,300037.61027238175,453.454022381756,0.05773516418886052
743,141741.14,141380.58491144952,142101.69633855048,360.5557135504646,0.09818060164143998
744,279307.12,278720.23147170607,279894.01852829393,586.8935282939198,0.07085649850985659
745,274135.1,273562.3075314084,274707.8799685916,572.7862185916397,0.07466671311001284
746,240618.48,240038.8606286951,241198.1081213049,579.6237463048983,0.0867945207773321
747,284095.97,283587.810480891,284604.127019109,508.158269108953,0.06447568007936211
748,214106.5,213587.3785103463,214625.6214896537,519.121489653717,0.09029900710275665
749,172905.86,172538.78149414062,173272.93725585938,367.07788085937517,0.07830605543682906
750,189403.06,188847.20023490288,189958.92476509712,555.8622650971288,0.11423570967938008
751,148962.44,148574.5196500211,149350.3553499789,387.91784997888584,0.1001818275043623
752,187695.19,187255.25844594595,188135.11655405405,439.9290540540538,0.08710729340089576
753,316839.78,315864.69729201857,317814.86520798143,975.0839579814187,0.13014208898489238
754,265682.62,265093.6649202914,266271.5850797086,588.960079708615,0.08680810407083821
755,393588.72,392883.53898331925,394293.89851668075,705.1797666807445,0.0659541820482099
756,624287.1,622396.1644847973,626178.0855152027,1890.9605152027034,0.11078942513438693
757,238608.92,237889.26706345016,239328.57668654984,719.6548115498314,0.10303483237824218
758,177010.62,176582.91441221494,177438.33558778506,427.71058778505056,0.08608839975588849
759,266623.12,265990.7112278294,267255.5387721706,632.4137721706081,0.0964543878047097
760,282049.72,281371.30430479307,282728.13319520693,678.4144452069256,0.0809145723809428
761,316059.0,315380.85319890204,316737.14680109796,678.1468010979722,0.07360177621226102
762,149339.97,148881.08952702704,149798.84797297296,458.87922297297325,0.10062319227703705
763,219493.25,219067.6152079814,219918.8847920186,425.6347920185807,0.0678238908565125
764,145371.92,144997.68789920292,145746.15585079708,374.23397579708563,0.0953569281842656
765,324679.12,323930.75816881337,325427.49183118663,748.3668311866552,0.08968096078806696
766,236524.86,235961.28565772803,237088.43309227197,563.5737172719598,0.08101107168549605
767,216239.64,215738.99700432856,216740.28424567144,500.6436206714533,0.08243583369393484
768,464138.8,463178.36349239864,465099.26150760136,960.4490076013533,0.06827044142670641
769,523228.56,522363.6170058139,524093.5079941861,864.9454941860465,0.06970772149092962
770,182948.78,182494.7650509396,183402.7974490604,454.0161990603878,0.09846979613038935
771,249446.81,248938.3485008446,249955.2764991554,508.4639991554048,0.07157373639844686
772,139076.03,138680.3653465477,139471.6971534523,395.6659034522805,0.09706077848141867
773,194427.47,194100.5302404455,194754.4072595545,326.9385095544761,0.0659149209498935
774,195513.25,195136.08363466006,195890.41636533994,377.16636533994944,0.06663689745431037
775,324498.8,323771.3719515414,325226.2530484586,727.4405484586144,0.0904369886145011
776,179080.98,178580.77198585303,179581.19676414697,500.21238914695965,0.10833649576192958
777,171332.56,170974.9165698902,171690.2084301098,357.64593010979746,0.08424491840230756
778,205754.2,205352.83463101773,206155.57161898227,401.36849398226354,0.06773860304275127
779,256595.97,256121.01608028926,257070.92141971074,474.95266971072584,0.0773624786796193
780,233220.0,232814.30697054477,233625.69302945523,405.6930294552357,0.06593481385590505
781,171749.03,171390.26773648648,172107.79476351352,358.76351351351315,0.08520808766527434
782,212136.98,211445.66878695102,212828.29996304898,691.3155880489863,0.20335102919244924
783,243532.11,242900.62089579814,244163.59785420186,631.488479201858,0.09082101087742354
784,242348.84,241753.02279085727,242944.66470914273,595.820959142736,0.08593520586633295
785,272266.16,271488.8353832348,273043.4771167652,777.3208667652017,0.10750440550930232
786,130273.45,129837.86431059966,130709.04193940034,435.5888144003378,0.1433552506503927
787,369523.62,368856.3317409206,370190.9182590794,667.2932590793921,0.06496309009661172
788,636438.56,635192.3836834881,637684.7413165119,1246.1788165118217,0.07083440936783998
789,136240.83,135895.1257126267,136586.5305373733,345.7024123733101,0.08756643755897911
790,270993.8,270376.10401710303,271611.52098289697,617.7084828969597,0.08183246311375696
791,316569.84,315894.9920555321,317244.6954444679,674.8516944679043,0.08363485453010613
792,269415.47,268936.53047138936,269894.40702861064,478.9382786106425,0.07834240760292813
793,181603.88,181224.22637774493,181983.52362225507,379.6486222550673,0.08160125098121153
794,118949.43,118681.51000976562,119217.34936523438,267.919677734375,0.08119754599950883
795,163028.48,162669.15926546665,163387.80948453335,359.32510953336134,0.08108488771113515
796,269731.72,269194.7634475296,270268.6740524704,536.9553024704384,0.07068221907626973
797,185022.38,184530.6870974979,185514.0629025021,491.68790250211185,0.09289756481982996
798,269586.62,269072.96745671454,270100.28254328546,513.6575432854728,0.0740751285787977
799,350179.34,349387.5422957137,350971.1452042863,791.801454286316,0.0795456426910656
800,171592.33,171144.24630489864,172040.40994510136,448.0818201013511,0.10043611393005523
801,196491.98,195972.17503563134,197011.79371436866,519.8093393686652,0.09300195481874204
802,240585.23,239917.30955711572,241253.15919288428,667.9248178842905,0.09177614491589492
803,215056.19,214576.18323743666,215536.19176256334,480.00426256334373,0.08780945273054157
804,179200.14,178690.21921188766,179710.06203811234,509.921413112331,0.09398475652101478
805,217588.08,217069.78833667652,218106.36791332348,518.289788323479,0.10269172416947421
806,258759.8,258322.11094541807,259197.48280458193,437.6859295819266,0.07097058519019056
807,366120.25,365320.2709037162,366920.2290962838,799.9790962837837,0.08153982165736605
808,274093.8,273506.8801863387,274680.7448136613,586.9323136613167,0.07793814058990703
809,362921.1,362294.4825934333,363547.7049065667,626.6111565667228,0.07063074842659611
810,217044.4,216717.26555901606,217371.54694098394,327.14069098395214,0.057328778092562004
811,143346.9,142964.57286607896,143729.23963392104,382.3333839210304,0.0870466222090543
812,227620.38,227288.66859559756,227952.08140440244,331.7064044024486,0.054397039954351044
813,209970.19,209469.5915395376,210470.7834604624,500.59596046241546,0.08134744017112623
814,302419.88,301791.71411792655,303048.03588207345,628.1608820734789,0.07654840474524456
815,225977.11,225398.75081820102,226555.46793179898,578.3585567989858,0.08748502879326225
816,170661.78,170263.90568913642,171059.65681086358,397.87556086359797,0.08976679722851935
817,728837.2,727307.0016627957,730367.3733372043,1530.1858372043903,0.07403355618041078
818,236921.11,236344.78328230575,237497.43546769425,576.3260926942554,0.09398048267419273
819,213872.4,213460.13092535894,214284.68157464106,412.27532464104746,0.07027749976290854
820,405911.12,404606.4056957348,407215.8443042652,1304.7193042652032,0.09806340018636558
821,248705.75,248170.10359480575,249241.39640519425,535.6464051942571,0.07486964364510248
822,270930.34,270319.04746885557,271541.64003114443,611.2962811444255,0.08650687780939742
823,215374.77,214902.8458152977,215846.6854347023,471.9198097022814,0.08213483437732863
824,255690.61,255062.5822028083,256318.6365471917,628.0271721917234,0.08279009517674364
825,180282.62,179826.75891443202,180738.49108556798,455.8660855679893,0.0830942709518768
826,329070.38,328343.81735641893,329796.93264358107,726.5576435810821,0.08705856885435441
827,507826.22,505687.21320734796,509965.22429265204,2139.005542652026,0.1310885728430492
828,188912.17,188446.54504724452,189377.79870275548,465.62682775549007,0.10771979171346673
829,208170.7,207692.68636507602,208648.71988492398,478.01675992398657,0.08884619124329433
830,225023.45,224460.9320497255,225585.9742002745,562.5210752744922,0.08521664460452974
831,459228.38,458327.6198532517,460129.1301467483,900.7551467483098,0.08113952920719689
832,245426.88,244934.69564241977,245919.05435758023,492.1793575802365,0.0747588720358502
833,207630.16,207139.34883076436,208120.96366923564,490.8074192356418,0.0987403645810671
834,212341.5,211859.22650971284,212823.77349028716,482.27349028716236,0.0835901147921285
835,203344.6,202909.60606920396,203779.58143079604,434.98768079603036,0.08677055512230737
836,213903.95,213418.08612225507,214389.82012774493,485.867002744933,0.07814196508985335
837,144670.95,144266.47672745987,145075.42952254013,404.47639754011817,0.10267072495865197
838,324227.97,323475.08647856844,324980.85102143156,752.8822714315884,0.09277403496611193
839,142765.44,142538.77911211993,142992.09588788007,226.65838788006766,0.06883630572878911
840,250092.69,249440.7657569679,250744.6092430321,651.9217430320953,0.12442815382647066
841,98887.52,98610.4588392103,99164.5880357897,277.06459828969605,0.10968921973328995
842,702883.6,700633.2599239865,705133.9900760135,2250.365076013517,0.10536578872196214
843,319164.2,318102.8840529983,320225.4909470017,1061.3034470016892,0.10606612986724799
844,153710.84,153364.65129790435,154057.03620209565,346.1924520956502,0.09536789869019158
845,186444.33,185900.7159654772,186987.9402845228,543.6121595228041,0.10469246456439908
846,347889.84,346951.6337362753,348828.0537637247,938.210013724662,0.10771280545245435
847,244715.55,244163.9888619088,245267.1048880912,551.558013091216,0.08537132925504692
848,246681.77,245880.7154244088,247482.8158255912,801.050200591216,0.10820139819846711
849,292032.6,291391.0601245777,292674.1273754223,641.5336254222975,0.0732591498348753
850,233435.88,232678.9319045608,234192.8180954392,756.9430954391888,0.12630751311759142
851,198702.31,198211.13213946368,199193.49286053632,491.1803605363178,0.09600830047725019
852,162884.42,162479.0566670186,163289.7870829814,405.365207981419,0.10068472210210297
853,335763.25,334913.00922455656,336613.49077544344,850.2407754434122,0.08542048286758779
854,230585.34,229892.13902818834,231278.54847181166,693.2047218116552,0.12088013305465274
855,221779.06,221383.00384026606,222175.12115973394,396.05865973395396,0.06499847643691344
856,253919.4,253325.3327306799,254513.4797693201,594.0735193201015,0.08356174038141397
857,285897.94,284987.07833614864,286808.79666385136,910.8591638513517,0.10500131211178014
858,184308.97,183910.87364073057,184707.06385926943,398.0951092694251,0.07562148139298554
859,279734.97,278943.3323215794,280526.6051784206,791.6364284206084,0.09872413767241736
860,220344.11,219706.04174144848,220982.17700855152,638.06763355152,0.09261773995492698
861,146776.33,146458.77115445523,147093.88509554477,317.5569705447629,0.08663888238221742
862,301448.34,300772.85962573905,302123.82787426095,675.4841242609782,0.08246927414798942
863,314540.2,313605.9058809502,315474.4691190498,934.2816190497812,0.1196714136100923
864,161766.89,161434.7325670397,162099.0486829603,332.15805796030423,0.07504930456254688
865,281187.4,280449.9166886613,281924.8958113387,737.4895613386832,0.09145507648811449
866,263891.72,263398.7040883657,264384.7334116343,493.0146616342909,0.0734773634464235
867,187461.92,186995.17504315043,187928.66870684957,466.7468318495643,0.10177823584637154
868,349820.6,349029.2946975296,350611.8928024704,791.2990524704379,0.07754172978676074
869,212144.58,211607.32747835727,212681.82877164273,537.2506466427368,0.09497087657939432
870,249797.17,249194.05025337837,250400.29349662163,603.1216216216225,0.09199980675779885
871,244996.78,244269.28268845016,245724.27981154984,727.4985615498307,0.10523750122055413
872,284706.4,284087.5832849451,285325.2292150549,618.822965054899,0.0896252348540795
873,136175.62,135870.4584103146,136480.7915896854,305.16658968538883,0.08606116985837434
874,173659.88,173304.80923379434,174014.94076620566,355.06576620565846,0.07297299591967159
875,181363.22,181068.66078969595,181657.77671030405,294.55796030405384,0.06691533724761675
876,206512.23,202541.426004161,210483.042745839,3970.8083708389954,0.2986553825425823
877,235097.9,234387.49309981498,235808.31940018502,710.4131501850327,0.11801297439938811
878,297736.78,297192.1056403083,298281.4568596917,544.6756096917244,0.06197323332160422
879,154940.64,154558.62306007178,155322.65818992822,382.01756492821016,0.09962474976123266
880,280451.3,279676.2321447424,281226.3928552576,775.0803552575998,0.08842189435683458
881,155774.08,155295.671307538,156252.484942462,478.4068174619936,0.12236297113403165
882,240132.12,239458.35135135136,240805.89864864864,673.7736486486485,0.11510173326007114
883,171018.1,170641.9231088999,171394.2643911001,376.17064110008414,0.08755173366133175
884,225342.67,224895.7207295186,225789.6230204814,446.95114548141873,0.06899694684951736
885,219640.39,219200.1032252956,220080.6780247044,440.2873997043918,0.07861754378230541
886,252573.48,251963.81211729307,253183.15663270693,609.6722577069253,0.09506713975071278
887,268379.62,267665.639806799,269093.610193201,713.985193201013,0.10650620284231015
888,317621.97,316868.5609559755,318375.3765440245,753.4077940244935,0.084041626970235
889,150923.27,150675.29454576646,151171.23670423354,247.97107923353016,0.06364392103864285
890,221123.34,220461.91187183277,221784.77562816723,661.4318781672298,0.09891752608096245
891,271450.1,270624.70873363595,272275.47876636405,825.3850163640197,0.11663456316869007
892,266106.62,265585.0231999578,266628.2268000422,521.6018000422297,0.07289065333297555
893,235103.72,234711.81604993666,235495.62145006334,391.90270006334475,0.06546823430392901
894,306094.5,305545.0711570946,306643.9288429054,549.4288429054055,0.06832209624036335
895,342062.34,340843.5331899282,343281.1543100718,1218.8105600717893,0.11342122106543404
896,241994.67,241263.9281566723,242725.4155933277,730.7437183277019,0.09710912767977091
897,130601.27,130191.99193676098,131010.55493823902,409.2815007390205,0.12419596629943563
898,231635.03,230943.92890229097,232326.13359770903,691.1023477090366,0.1100582027925732
899,188240.9,187744.9999934016,188736.8125065984,495.90625659839566,0.09593086096135167
900,229702.9,229065.15981313345,230340.65268686655,637.746436866554,0.09470000002365664
901,249605.56,248972.7121911951,250238.4128088049,632.8503088048988,0.08438733435980109
902,160244.5,159789.38036449536,160699.61963550464,455.11963550464526,0.11776761598995991
903,400608.1,399196.5817673142,402019.6057326858,1411.5119826858113,0.1131761888463678
904,204758.4,204182.44205289273,205334.37044710727,575.9641971072633,0.09725378495899067
905,245704.84,245062.7427417652,246346.9447582348,642.101008234797,0.10585123002706462
906,384549.0,383719.3330078125,385378.6669921875,829.6669921874993,0.08067349836481237
907,241335.17,240671.49800728462,241998.84574271538,663.6738677153726,0.1017459668310583
908,148865.44,148458.99335541597,149271.88164458403,406.44414458403753,0.10053001929298762
909,241571.45,234026.4811268682,249116.4251231318,7544.971998131793,0.5195532133109838
910,211770.67,211296.99932696368,212244.34442303632,473.67254803631795,0.08226951643826258
911,342427.7,341545.02766047296,343310.34733952704,882.6598395270269,0.09005511107012283
912,202535.77,201974.67867134712,203096.85257865288,561.0869536528713,0.09376893552810485
913,303390.0,302439.1082268792,304340.8917731208,950.8917731207774,0.10840001355426593
914,339597.16,338983.64008393156,340210.67241606844,613.5161660684125,0.06666322968289191
915,237497.16,236688.2891944679,238306.0233055321,808.8670555320953,0.12054948328274771
916,200324.9,199728.78597445102,200921.02652554898,596.120275548987,0.10401164343017419
917,240715.8,240147.53226615288,241284.06148384712,568.264608847128,0.0891070526061183
918,185459.88,184962.75968644425,185956.99031355575,497.1153135557428,0.10287574211761448
919,204165.42,203750.97662188555,204579.86712811445,414.4452531144428,0.07411663759429035
920,226815.67,226388.75435494087,227242.58939505913,426.91752005912184,0.06450659165863357
921,320451.72,319739.95193728886,321163.48556271114,711.7668127111498,0.09100917400142852
922,272788.28,272203.2183540963,273373.3441459037,585.0628959037163,0.0780663297914375
923,192271.11,191936.5428499789,192605.6759000211,334.56652502111535,0.06344139800753665
924,173076.22,172597.95852908574,173554.47897091426,478.2602209142735,0.11353884342689666
925,253405.06,252685.88006756757,254124.24493243243,719.1824324324334,0.09493016925342501
926,276151.0,275340.21252111485,276961.78747888515,810.7874788851352,0.11923801077481655
927,229305.06,228706.4027792441,229903.7222207559,598.6597207559123,0.09753992068554376
928,297332.9,296508.02083773224,298157.79166226776,824.8854122677365,0.11222295401159976
929,210137.42,209773.99852855786,210500.84522144214,363.42334644214566,0.0612174633300421
930,255742.4,255067.01244457348,256417.80005542652,675.3938054265201,0.09657211975594594
931,176151.58,175579.94173555597,176723.21451444403,571.63638944404,0.11796257724594154
932,280305.34,279642.00898701436,280968.67851298564,663.3347629856412,0.08763702666585803
933,267513.3,266962.7766773121,268063.8483226879,550.5358226879221,0.07696138365367211
934,250056.84,249477.90788640204,250635.77961359796,578.9358635979734,0.08311604878824838
935,199220.08,198565.2007627745,199874.9554872255,654.8773622255063,0.11121109353689275
936,240888.27,240436.97790857265,241339.55334142735,451.28771642736467,0.06980415560993074
937,280254.3,279706.72687922296,280801.89812077704,547.585620777027,0.07241289387776599
938,336194.75,335498.06632706925,336891.43367293075,696.6836729307419,0.07307709098790048
939,221345.88,220870.51524229307,221821.23475770693,475.359757706925,0.08268177286984174
940,269053.7,268417.5515202703,269689.8234797297,636.1359797297291,0.08320278650953773
941,192743.53,192162.27283044765,193324.78966955235,581.2584195523648,0.10860223296654434
942,229029.7,228380.27515308277,229679.13109691723,649.4279719172297,0.09569541763255814
943,260270.33,259697.23482369087,260843.42142630913,573.0933013091212,0.08280486790162282
944,242355.81,241558.1632311022,243153.4617688978,797.6492688978041,0.10637834031478315
945,151770.27,151434.24939954604,152106.28185045396,336.01622545396935,0.07713931169065816
946,158452.7,158185.9538112331,158719.4524387669,266.74931376689216,0.0633444967742531
947,285882.56,285156.4793866132,286608.6456133868,726.0831133868252,0.10866835079112062
948,333865.03,333144.6153819949,334585.4471180051,720.4158680050888,0.08349668916395907
949,190829.6,190484.14239996832,191175.04510003168,345.451350031672,0.06554156828261341
950,206805.31,206300.81216348184,207309.81283651816,504.500336518159,0.07898673936311533
951,303127.03,302215.3493454392,304038.7131545608,911.6819045608098,0.11557405313414629
952,228106.81,227613.14990234375,228600.47509765625,493.6625976562499,0.08152244543154194
953,193641.23,193273.25428235854,194009.21446764146,367.9800926414695,0.07974954151520121
954,246567.0,245856.96890836148,247277.03109163852,710.0310916385152,0.10991700170135027
955,191642.61,191213.7486275338,192071.4701224662,428.8607474662165,0.08907222669889107
956,122874.39,122457.29545304582,123291.48579695418,417.09517195418067,0.1563608478876749
957,288721.66,288200.9586940456,289242.3538059544,520.6975559543935,0.07247625638815812
958,142462.25,142233.40648094384,142691.09351905616,228.84351905616535,0.05784028173356764
959,252245.33,251799.9295753273,252690.7266746727,445.3985496727185,0.05905513131278776
960,257269.02,256696.69156461148,257841.33968538852,572.324060388514,0.07790006018491616
961,237748.94,237271.95473500845,238225.92026499155,476.98276499155367,0.07883362295154528
962,244034.39,243636.19384765625,244432.58740234375,398.1967773437493,0.06762500037207878
963,376600.56,375706.5987845756,377494.5262154244,893.9637154244087,0.08447336573263967
964,339842.44,339080.63009396114,340604.24490603886,761.8074060388525,0.08966782073794002
965,294913.7,294168.89323796454,295658.48176203546,744.7942620354718,0.10360182099869893
966,175013.88,174616.75611011402,175410.99388988598,397.1188898859788,0.08775002153083265
967,307005.25,305986.9725374789,308023.5274625211,1018.277462521116,0.13422547092192455
968,264516.84,264057.91206978465,264975.77543021535,458.9316802153723,0.06637501070919768
969,139690.45,139289.75331899282,140091.15293100718,400.69980600717923,0.09618567816947207
970,113437.875,113028.26067950274,113847.48932049726,409.6143204972551,0.14629239467269586
971,325232.12,324206.0308540963,326258.2191459037,1026.0941459037153,0.1234149004288065
972,125412.61,125131.67278887774,125693.54596112226,280.9365861222553,0.09353905762080934
973,258821.81,258147.68309227197,259495.94190772803,674.1294077280396,0.0937104543831232
974,423053.4,422022.6806112753,424084.1318887247,1030.7256387246641,0.07942883857157773
975,280574.2,279856.6368771115,281291.7381228885,717.5506228885122,0.10306429772708732
976,249281.73,248844.5451858108,249718.9235641892,437.18918918919,0.0696550615200227
977,168690.42,168154.41872096705,169226.42502903295,536.0031540329384,0.11804510003010696
978,261683.94,261134.76600770693,262233.10899229307,549.1714922930742,0.07681797149852129
979,238372.94,237730.70136982686,239015.17363017314,642.2361301731428,0.0995534250244147
980,244775.88,244193.1720465583,245358.5779534417,582.7029534417229,0.09928027036334337
981,262567.7,262113.2417915963,263022.1332084037,454.4457084037174,0.0680585171812503
982,294161.78,293455.75307485217,294867.80942514783,706.0281751478042,0.08673908714550178
983,329584.8,328645.2801546664,330524.3448453336,939.5323453336139,0.12955565357527896
984,228544.27,227829.31755437076,229259.21369562924,714.9480706292244,0.11688621457219348
985,298524.38,297638.61337362754,299410.13662637246,885.7616263724655,0.09918032357624504
986,184571.66,184081.11643528295,185062.19606471705,490.5398147170614,0.10174913677990224
987,242750.73,242248.65090529984,243252.81784470016,502.08346970016953,0.07216342364939395
988,178670.95,178031.34066195102,179310.56558804898,639.6124630489861,0.12713697253164444
989,195814.22,195399.4751636402,196228.9623363598,414.7435863597972,0.07469498397038428
990,228477.9,228125.96935705235,228829.84314294765,351.9368929476356,0.05652500772795103
991,210275.22,209849.7853278083,210700.6521721917,425.4334221917222,0.07360845318367712
992,200390.19,199887.0037676837,200893.3712323163,503.1837323163011,0.11056381164014403
993,275416.0,274819.3833667652,276012.6166332348,596.6166332347967,0.07525538671192818
994,180726.02,180201.6296188767,181250.4016311233,524.3860061233112,0.10948980317579368
995,344139.44,343534.9601456926,344743.9148543074,604.4773543074311,0.06415164526793342
996,237819.62,236905.59338048985,238733.65661951015,914.0316195101356,0.12209861241466795
997,181884.4,181371.70644399282,182397.10605600718,512.6998060071792,0.10545361551621048
998,164845.06,164517.95755912163,165172.16744087837,327.1049408783781,0.07208024012980228
999,330836.88,330075.95609427785,331597.79390572215,760.918905722128,0.08524895943843334
1000,265903.28,265312.9485061233,266493.6139938767,590.3327438766908,0.08465786409524778
1001,203584.14,203063.8532582876,204104.4279917124,520.2873667124155,0.08382317297702409
1002,232813.05,232178.0946077914,233447.9991422086,634.9522672086144,0.09031608738938439
1003,259056.3,258086.14252533784,260026.45122466216,970.1543496621625,0.14578717702643587
1004,197469.1,197065.7841862859,197872.4033137141,403.30956371410446,0.0691625795735429
1005,226087.39,225581.38768211572,226593.39356788428,506.0029428842905,0.08559854218181792
1006,245346.06,244877.35009765625,245814.77490234375,468.71240234375017,0.0683736631062055
1007,252966.67,252290.09128220016,253643.25246779984,676.5805927998309,0.08325001661148547
1008,198614.61,198093.79516601562,199135.42358398438,520.8142089843749,0.09373468937578054
1009,175317.0,174924.17705474028,175709.82294525972,392.82294525971264,0.0794485369158618
1010,333482.16,332585.4657015414,334378.8467984586,896.6905484586144,0.08970243341706131
1011,266075.5,265192.8475374789,266958.1524625211,882.6524625211152,0.13351932519492388
1012,220831.14,220330.410723712,221331.870526288,500.72990128800757,0.09481968821052089
1013,140616.6,140203.91469264674,141029.27280735326,412.679057353252,0.1204267814173356
1014,388030.3,386756.72866078967,389303.89633921033,1273.5838392103042,0.14606393517343108
1015,229400.53,228965.8745645059,229835.1879354941,434.65668549408855,0.07145360065875633
1016,194762.83,194213.74836359796,195311.90788640204,549.079761402028,0.09595306096771265
1017,242573.95,242148.05448954814,242999.85176045186,425.89863545185835,0.07252709548467506
1018,412480.94,411615.5919024493,413346.2830975507,865.3455975506764,0.07801734483795501
1019,308580.78,307574.01600770693,309587.54649229307,1006.7652422930744,0.11749377478390349
1020,308075.0,307306.19470544765,308843.80529455235,768.8052945523636,0.09287812612035763
1021,332536.28,331761.65341269004,333310.90908730996,774.6278373099661,0.07849014600689792
1022,262693.56,262207.7556746199,263179.3693253801,485.8068253800674,0.07284133307273541
1023,214435.34,213936.47160050675,214934.21589949325,498.8721494932435,0.08978030155606882
1024,216810.12,216384.0500818201,217236.1999181799,426.0749181798992,0.0698668467945986
1025,264705.28,264167.2241870777,265243.3383129223,538.0570629222964,0.0714143994420927
1026,350964.47,350225.29253325594,351703.64496674406,739.1762167440882,0.0828074026924408
1027,472227.62,470524.5715793919,473930.6784206081,1703.0534206081084,0.129196516955646
1028,187784.75,187207.87127850507,188361.62872149493,576.8787214949319,0.12023771966044917
1029,192720.62,192303.76945866767,193137.48054133233,416.85554133234825,0.09114735490739212
1030,127422.22,127057.73180822424,127786.70569177576,364.4869417757606,0.11297415046977118
1031,184625.56,184190.46153795396,185060.66346204604,435.1009620460303,0.09929441941121127
1032,334738.7,334157.4639727618,335319.9110272382,581.2235272381761,0.06934460537378095
1033,490719.7,489528.0311972128,491911.3438027872,1191.656302787161,0.0844581823579727
1034,227687.2,227193.2657437711,228181.1405062289,493.9373812288863,0.08446219372709675
1035,171087.83,170705.3642743085,171470.2919756915,382.46385069151177,0.08236925531113087
1036,197414.72,196891.9006677576,197937.5368322424,522.818082242399,0.11424283887390836
1037,236420.34,235734.9317725929,237105.7557274071,685.4119774070944,0.11474490013079916
1038,213670.48,213222.51902977197,214118.44972022803,447.96534522804114,0.07771848587951634
1039,349028.44,347378.93885926943,350677.93614073057,1649.4986407305744,0.21388675703175397
1040,321473.53,320772.9066722973,322174.1558277027,700.6245777027023,0.08378111387880183
1041,225587.9,225103.1545740076,226072.6579259924,484.7516759923989,0.07357239991828769
1042,152490.89,152091.26149440455,152890.51975559545,399.6291305954395,0.09739418006097676
1043,288084.38,287503.37691353465,288665.37308646535,580.9980864653702,0.07066020792860521
1044,229875.39,229181.90211940455,230568.87913059545,693.488505595439,0.11763101286793055
1045,337754.78,336573.8259107013,338935.7365892987,1180.9553392986923,0.1272306972752313
1046,323405.84,322787.32929951436,324024.35820048564,618.5144504856423,0.06771443793277276
1047,181108.4,180697.1053499789,181519.7071500211,411.30090002111467,0.08207007191092396
1048,269210.53,268498.54259923985,269922.51990076015,711.9886507601364,0.09114701876806076
1049,145828.81,145419.74866712416,146237.87633287584,409.06383287584475,0.10535679787373851
1050,265965.56,265421.2175095017,266509.9074904983,544.3449904983111,0.07755742827294097
1051,292067.8,291474.17143950594,292661.45356049406,593.6410604940874,0.06894643079219553
1052,260623.72,260064.71695523648,261182.72054476352,559.0017947635135,0.08538012454055338
1053,290726.75,290018.5827702703,291434.9172297297,708.1672297297305,0.08091630797622451
1054,233228.64,232713.96800438134,233743.31324561866,514.672620618665,0.08460618163838607
1055,273082.62,272625.9311919341,273539.3188080659,456.693808065878,0.06131336980290644
1056,172410.52,171829.33056640625,172991.70068359375,581.1850585937497,0.12585422738587543
1057,235158.1,234719.55811866553,235596.62938133447,438.53563133445874,0.07802787717173668
1058,264933.9,264298.80361855996,265569.00888144004,635.1026314400344,0.0963609601020489
1059,311299.03,310754.32890361064,311843.73359638936,544.7023463893571,0.06012225364645738
1060,260763.1,260179.62968486064,261346.55781513936,583.4640651393584,0.08511987575073213
1061,291984.03,291304.2312605574,292663.8312394426,679.7999894425673,0.07802019957835928
1062,234471.56,234008.10063872466,234935.02436127534,463.4618612753386,0.07793820048780285
1063,157955.9,157569.88941749366,158341.92308250634,386.01683250633425,0.08885823017432902
1064,348686.6,347859.4053262247,349513.7821737753,827.1884237753378,0.08659976961875482
1065,152238.23,151815.96646035684,152660.50228964316,422.26791464315886,0.09765224663957647
1066,407878.6,406215.5189769848,409541.6685230152,1663.0747730152038,0.18011798544987817
1067,222402.89,221911.82511613175,222893.95613386825,491.06550886824283,0.07732757767893893
1068,175009.39,174635.75102934966,175383.03022065034,373.63959565033855,0.0836469404737102
1069,226828.4,226286.65015308277,227370.16234691723,541.7560969172289,0.08801569112179371
1070,248620.03,247820.38805162584,249419.67444837416,799.643198374155,0.10678088536120582
1071,221028.05,220579.10263144004,221476.99111855996,448.94424355996614,0.07292951532276205
1072,272400.78,271873.3105534734,272928.2519465266,527.4706965266047,0.07388924933055896
1073,320144.28,318784.6224662162,321503.9400337838,1359.6587837837842,0.15481169513790008
1074,189175.94,188656.59995249155,189695.27504750845,519.3375475084455,0.11067731096541727
1075,413628.38,412926.6323902027,414330.1176097973,701.7426097972965,0.059888082848954416
1076,158041.31,157463.59104465795,158619.03395534205,577.7214553420606,0.15547154103148877
1077,170225.58,169860.30062288852,170590.85562711148,365.277502111486,0.08770925322048209
1078,265985.2,265160.4690403294,266809.9059596706,824.7184596706086,0.10624886034685872
1079,311022.84,310274.46922508447,311771.21827491553,748.3745249155411,0.08942027773718231
1080,372911.78,371850.4074641047,373973.1550358953,1061.3737858952686,0.09086029945804693
1081,255607.33,254943.44906545238,256271.20718454762,663.8790595476021,0.09886535744077173
1082,231514.08,231051.12969805743,231977.02655194257,462.94842694256806,0.07056006354144355
1083,203595.25,203100.2943808066,204090.2056191934,494.9556191934118,0.08740161332519397
1084,233312.95,232826.39336993243,233799.51288006757,486.55975506756675,0.0768670721670223
1085,251185.55,250708.51442409205,251662.57932590795,477.0324509079395,0.06769568818398164
1086,215169.62,214696.0866303315,215643.1633696685,473.53836966849576,0.08683205206859892
1087,234199.12,233673.96145217484,234724.28854782516,525.1635478251685,0.0775085788634987
1088,193254.9,192618.02204523858,193891.79045476142,636.8842047614024,0.1317311765601555
1089,391497.9,391017.63818359375,391978.17431640625,480.2680664062488,0.0479896713032821
1090,235357.6,234824.86206714527,235890.32543285473,532.73168285473,0.08305134169783569
1091,302179.12,301315.5947265625,303042.6552734375,863.530273437499,0.09365277481452164
1092,437899.62,436677.30046452704,439121.94953547296,1222.3245354729727,0.08961063557757848
1093,303901.88,303145.74710990285,304658.00289009715,756.1278900971291,0.08663584541100634
1094,182968.0,182501.99462230786,183434.00537769214,466.00537769214566,0.09917966683245523
1095,176211.12,175775.8885201119,176646.3614798881,435.23647988809154,0.09526094714414213
1096,215228.31,214739.89821315455,215716.72678684545,488.4142868454382,0.08249134382234041
1097,456208.6,455713.3878542878,456703.7996457122,495.20589571220813,0.046018715195932376
1098,189386.38,189070.12606234165,189702.62393765835,316.2489376583614,0.06404241372198878
1099,326804.44,325869.3478606468,327739.5271393532,935.0896393531973,0.10870108141062906
1100,181011.94,180534.17903425888,181489.69596574112,477.75846574113183,0.09589159722196282
1101,365611.2,364992.7546584671,366229.6203415329,618.4328415329384,0.05915650870083807
1102,247866.62,247267.13206028295,248466.11793971705,599.4929397170613,0.08824406230207124
1103,207150.48,206715.4910921664,207585.4776578336,434.99328283361484,0.07173813637150596
1104,198575.72,198031.1686549831,199120.2688450169,544.5500950168916,0.09755208360406868
1105,197927.73,197408.2095584354,198447.2591915646,519.5248165646119,0.10501267180397708
1106,185589.56,185171.78402132602,186007.34097867398,417.7784786739858,0.0805304365558074
1107,226033.67,225212.343182538,226855.000567462,821.328692461993,0.12512752800879445
1108,205748.75,205248.75727473077,206248.74272526923,499.99272526921504,0.09046312539603638
1109,184401.72,183764.31059306377,185039.12690693623,637.4081569362335,0.13345204693996573
1110,169919.88,169591.5227248733,170248.2272751267,328.3522751266899,0.0743709940936776
1111,176442.52,175854.68701171875,177030.34423828125,587.8286132812503,0.12253335940366063
1112,332303.7,331449.6714658995,333157.7035341005,854.0160341005073,0.10261944481580575
1113,230583.03,230033.55638988598,231132.50611011402,549.4748601140201,0.08242180862404351
1114,758038.94,755329.3276499156,760748.5473500844,2709.6098500844596,0.11665575449884406
1115,260193.38,259554.57683171454,260832.17316828546,638.798168285473,0.08959662122141597
